ASV_ID,Kingdom,Phylum,Class,Order,Family,Genus,Species,ASV_Sequence,num_samples_pos,IntegraTest1,IntegraTest2,IntegraTest3,IntegraTest4,IntegraTest5,IntegraTest6,IntegraTest7,MBNH6072311D,MBNH6072311S,MBNH6072312D,MBNH6072312S,MBNH6072313D,MBNH6072313S,MBNH6072314D,MBNH6072314S,MBNH6072315D,MBNH6072315S,MBNH6072321D,MBNH6072321S,MBNH6072322D,MBNH6072322S,MBNH6072323D,MBNH6072323S,MBNH6072324D,MBNH6072324S,MBNH6072325D,MBNH6072331D,MBNH6072331S,MBNH6072332D,MBNH6072332S,MBNH6072333D,MBNH6072333S,MBNH6072334D,MBNH6072335D,MBNH6072335S,MBNH60723TB1,MBNH60723TB2,MBNH60723TB3,MBNH60723TB4,MBNH60723TB5,MBONH2O062023,MBONNTC062123,MBONOst062123,MBONXB1062023,MBNHw1071223TB,MBNHw1D0712231,MBNHw1D0712232,MBNHw1D0712233,MBNHw1S0712231,MBNHw1S0712232,MBNHw1S0712233,MBNHw2071223TB,MBNHw2D0712231,MBNHw2D0712232,MBNHw2D0712233,MBNHw2S0712231,MBNHw2S0712232,MBNHw2S0712233,MBNHw3071223TB,MBNHw3D0712231,MBNHw3D0712232,MBNHw3D0712233,MBNHw3S0712231,MBNHw3S0712232,MBNHw3S0712233,MBNHw4071223TB,MBNHw4D0712231,MBNHw4D0712232,MBNHw4D0712233,MBNHw4S0712231,MBNHw4S0712232,MBNHw4S0712233,MBNHw5071223TB,MBNHw5D0712231,MBNHw5D0712232,MBNHw5D0712233,MBNHw5S0712231,MBNHw5S0712232,MBNHw5S0712233,MBONH2O071823,MBONXB1071823,MBTNNTC071923,MBTNOST071923,TERNSH2O071823,TERNSwLB0609231,TERNSwLB0609232,TERNSwLB060923TB,TERNSwLB0622231,TERNSwLB0622232,TERNSwLB062223TB,TERNSwLB0630231,TERNSwLB0630232,TERNSwLB063023TB,TERNSwLB0707231,TERNSwLB0707232,TERNSwLB070723TB,TERNSwPR061323TB,TERNSwPR0621231,TERNSwPR0621232,TERNSwPR0629231,TERNSwPR0629232,TERNSwPR062923TB,TERNSwPR0712231,TERNSwPR0712232,TERNSwPR071223TB,TERNSwPR2L0613231,TERNSwPR2L0613232,TERNSwPR3L0613231,TERNSwPR3L0613232,TERNSwPR5L061323,TERNSXB1071823,MBNHw1081623TB,MBNHw1D0816231,MBNHw1D0816232,MBNHw1D0816233,MBNHw1S0816231,MBNHw1S0816232,MBNHw1S0816233,MBNHw2081623TB,MBNHw2D0816231,MBNHw2D0816232,MBNHw2D0816233,MBNHw2S0816231,MBNHw2S0816232,MBNHw2S0816233,MBNHw3081623TB,MBNHw3D0816231,MBNHw3D0816232,MBNHw3D0816233,MBNHw3S0816231,MBNHw3S0816232,MBNHw3S0816233,MBNHw4081623TB,MBNHw4D0816231,MBNHw4D0816232,MBNHw4D0816233,MBNHw4S0816231,MBNHw4S0816232,MBNHw4S0816233,MBNHw5081623TB,MBNHw5D0816231,MBNHw5D0816232,MBNHw5D0816233,MBNHw5S0816231,MBNHw5S0816232,MBNHw5S0816233,MBONELU082423,MBONNTC082523,MBONOst082523,MBONXB1082423,TERNSELU082423,TERNSNTC082523,TERNSOST082523,TERNSwLB720231,TERNSwLB720232,TERNSwLB72023TB,TERNSwLB728231,TERNSwLB728232,TERNSwLB72823TB,TERNSwLB803231,TERNSwLB803232,TERNSwLB80323TB,TERNSwLB809231,TERNSwLB809232,TERNSwLB80923TB,TERNSwPR5L718231,TERNSwPR5L718232,TERNSwPR5L718233,TERNSwPR706231,TERNSwPR706232,TERNSwPR70623TB,TERNSwPR725231,TERNSwPR725232,TERNSwPR72523TB,TERNSwPR801231,TERNSwPR801232,TERNSwPR80123TB,TERNSwPR811231,TERNSwPR811232,TERNSwPR81123TB,TERNSwPRTB71823TB,MBNH6072311DMF,MBNH6072311SMF,MBNHNTC112023MF,MBNHOst112023MF,MBNHw1091823TBMF,MBNHw1D0712231MF,MBNHw1D0816231MF,MBNHw1D0918231MF,MBNHw1D0918232MF,MBNHw1D0918233MF,MBNHw1S0816231MF,MBNHw1S0918231MF,MBNHw1S0918232MF,MBNHw1S0918233MF,MBNHw2091823TBMF,MBNHw2D0918231MF,MBNHw2D0918232MF,MBNHw2D0918233MF,MBNHw2S0918231MF,MBNHw2S0918232MF,MBNHw2S0918233MF,MBNHw3091823TBMF,MBNHw3D0918231MF,MBNHw3D0918232MF,MBNHw3D0918233MF,MBNHw3S0918231MF,MBNHw3S0918232MF,MBNHw3S0918233MF,MBNHw4091823TBMF,MBNHw4D0918231MF,MBNHw4D0918232MF,MBNHw4D0918233MF,MBNHw4S0918231MF,MBNHw4S0918232MF,MBNHw4S0918233MF,MBNHw5091823TBMF,MBNHw5S0918232MF,MBNHw5S0918233MF,XB1110623MF
05fb9f9e7b4e1d7597209de9a6d444fe,Eukaryota,Chordata,Chondrichthyes,Lamniformes,Alopiidae,Cetorhinus,Cetorhinus maximus,CACCGCGGTTATACGAGTAACTCATATTAATACTTCCCGGCGTAAAGAGTGATTTAAGGAATATCTACAATAATTAAAGTTAAGACCTCATCAAGCTGTTATACGCACCCATAAACGGAAATATCAACAACGAAAGTGACTTTATACCACTAGAAATCTTGATGTCACGACAGTTAGACCCC,2,0,0,0,0,0,0,0,0,0,0,0,0,0,0,0,0,0,0,0,0,0,0,0,0,0,0,0,0,0,0,0,0,0,0,0,0,0,0,0,0,0,0,0,0,0,0,0,0,0,0,0,0,0,0,0,0,0,0,0,0,0,0,0,0,0,0,0,0,0,0,0,0,0,0,0,0,0,0,0,0,0,0,0,0,0,0,0,0,0,0,0,0,0,0,0,0,0,0,0,0,0,0,0,0,0,0,0,0,0,0,0,0,0,0,0,0,0,0,0,0,0,0,0,0,0,0,0,0,0,0,0,0,0,0,0,0,0,0,0,0,0,0,0,0,0,0,0,0,0,0,0,0,0,0,0,0,0,0,0,0,0,0,0,0,0,0,0,0,0,0,0,0,0,0,0,0,0,0,0,0,0,0,0,0,0,0,0,0,0,0,0,0,0,0,0,0,0,0,0,0,0,0,0,0,0,0,0,0,0,0,0,444,0,6533,0,0,0,0,0,0
0749681099e78c27cfc4247526566461,Eukaryota,Chordata,Actinopteri,Scombriformes,Bramidae,Taractes,Taractes asper,CACCGCGGTTATACGAGAGGCCCAAGTTGATTAAATGCGGCGTAAAGATTGGTTATGAAAATTAAACAATAAGGTCGAATATCCTCAGAGCAGTTATACGCATCCGAGGTCACGAAGCACAGTCACGAAAGTAGCCCTACTATAATTCTGACCCCACGAAAACCATAGAA,2,0,0,0,0,0,0,0,0,0,0,0,0,0,0,0,0,0,0,0,0,0,0,0,0,0,0,0,0,0,0,0,0,0,0,0,0,0,0,0,0,0,0,0,0,0,0,0,0,0,0,0,0,0,0,0,0,0,0,0,0,0,0,0,0,0,0,0,0,0,0,0,0,0,0,0,0,0,0,0,0,0,0,0,0,0,0,0,0,0,0,0,0,0,0,0,0,0,0,0,0,0,0,0,0,0,0,0,0,0,0,0,0,0,0,0,0,0,0,0,0,0,0,0,0,0,0,0,0,0,0,0,0,0,0,0,0,0,0,0,0,0,0,0,0,0,0,0,0,0,0,0,0,0,0,0,0,0,0,0,0,0,0,0,0,0,0,0,0,0,0,0,0,0,0,0,0,0,565,0,503,0,0,0,0,0,0,0,0,0,0,0,0,0,0,0,0,0,0,0,0,0,0,0,0,0,0,0,0,0,0,0,0,0,0,0,0,0,0,0,0
07ac61fdde92fa454a472a9872ee7a37,Eukaryota,Chordata,Actinopteri,Cypriniformes,Leuciscidae,Notropis,Notropis bifrenatus,CACCGCGGTTAAACGAGAGGCCCTAGTTGATAATATAACGGCGTAAAGGGTGGTTAAGGATAGTGAAACAATAAAGTCGAATGGCCCTTTGGCTGTCATACGCTTCTAGGAGTCCGAAGCCCAGTATACGAAAGTAACTTTAAAAACCCACCTGACCCCACGAAAACTGAGAAA,1,0,0,0,0,0,0,0,0,0,0,0,0,0,0,0,0,0,0,0,0,0,0,0,0,0,0,0,0,0,0,0,0,0,0,0,0,0,0,0,0,0,0,0,0,0,0,0,0,0,0,0,0,0,0,0,0,0,0,0,0,0,0,0,0,0,0,0,0,0,0,0,0,0,0,0,0,0,0,0,0,0,0,0,0,0,0,0,0,0,0,0,0,0,298,0,0,0,0,0,0,0,0,0,0,0,0,0,0,0,0,0,0,0,0,0,0,0,0,0,0,0,0,0,0,0,0,0,0,0,0,0,0,0,0,0,0,0,0,0,0,0,0,0,0,0,0,0,0,0,0,0,0,0,0,0,0,0,0,0,0,0,0,0,0,0,0,0,0,0,0,0,0,0,0,0,0,0,0,0,0,0,0,0,0,0,0,0,0,0,0,0,0,0,0,0,0,0,0,0,0,0,0,0,0,0,0,0,0,0,0,0,0,0,0,0,0,0,0,0,0
093cbb97253cb6ed3ff426ac2bcaa5cb,Eukaryota,Chordata,Actinopteri,Gadiformes,Gadidae,Gadus,Gadus macrocephalus,CACCGCGGTTATACGAGAGGCCCAAATTGATGAAAAACGGCGTAAAGCGTGGTTAAGAAAAAAGAGAAAATATGGCCGAACAGCTTCAAAGCAGTTATACGCATCCGAAGTCACGAAGAACAATCACGAAAGTTGCCCTAAAACCTCCGATTCCACGAAAGCCATAAAA,9,0,0,0,0,0,0,0,0,206,119,0,0,0,0,0,200,0,0,0,0,0,0,103,0,0,0,0,0,0,0,0,0,0,0,0,0,0,0,0,0,0,0,0,0,0,0,0,0,0,0,0,0,0,0,0,0,0,0,0,0,0,0,0,0,0,0,0,0,0,0,0,0,0,0,0,0,0,0,0,0,0,0,0,0,0,0,0,0,0,0,0,0,0,0,0,0,0,0,0,0,0,0,0,0,0,0,0,0,0,0,0,0,0,0,0,0,0,0,0,0,0,0,0,0,0,0,0,0,0,0,0,0,0,0,613,0,0,0,0,0,0,0,0,0,0,0,0,0,0,0,0,0,0,0,0,0,0,0,0,0,0,0,0,0,0,0,0,0,0,0,0,0,0,0,0,0,0,0,0,0,0,0,0,0,0,0,0,2946,0,0,0,0,0,0,0,0,102136,0,0,0,0,0,0,6422,0,0,0,0,0,0,9945,0,0,0,0,0,0,0,0,0
0ae696476b906c4fc238a851e28b7034,Eukaryota,Chordata,Actinopteri,Perciformes,Pholidae,Pholis,Pholis crassispina,CACCGCGGTTATACGAGAGGCCCAAGTTGACAGACATCGGCGTAAAGAGTGGTTAAGTTAAAATTGTACTAAAGCCGAACATCCTCCAGGCTGTTATACGCATCCGAAGATAAGAAGTTCAACCACGAAGGTAGCTTTATTTAGTCTGAACCCACGAAAGCTACGGCA,36,0,0,0,0,0,0,0,0,504,719,0,1291,0,75,246,0,0,1594,453,0,245,276,387,0,0,0,0,0,0,2116,426,3899,0,0,0,0,0,0,0,0,0,0,0,0,0,954,0,0,93,0,0,0,0,0,0,0,0,0,0,0,0,0,0,0,0,0,0,0,0,0,0,81,0,0,0,0,0,0,229,0,0,0,0,0,0,0,0,0,368,0,0,0,0,0,0,0,0,629,808,0,0,0,0,780,0,0,309,210,0,0,0,0,0,0,438,0,0,0,0,0,0,0,0,0,0,0,0,0,0,0,0,2820,0,0,0,0,0,0,0,0,86,0,0,0,0,0,0,0,0,0,0,0,0,0,0,0,0,1000,0,503,0,0,0,0,0,0,806,864,0,0,0,0,0,0,0,0,0,9682,0,0,0,0,0,0,0,0,0,0,0,0,0,0,0,104412,0,0,0,0,0,0,0,0,0,0,6505,20500,0,0,0,0,33312,0,34528,0,0,0,0,0,0,0
0ee2bec099a05d8d4609d2e9cfb61324,Eukaryota,Chordata,Actinopteri,Pleuronectiformes,Pleuronectidae,Pseudopleuronectes,Pseudopleuronectes obscurus,CACCGCGGTTATACGAGAGGCCCAAGTTGACAAACAACGGCGTAAAGAGTGGTTAGGGAATTTACTAAACTAGAGCCGAACGCTCTCAAAGCTGTTATACGCACCCGAGAGTATGAAACCCAATTACGAAAGTAGCTCTACCTATCCTGAACCCACGAAAGCTAAGGAA,15,0,0,0,0,0,0,0,0,0,0,0,1413,0,0,0,0,0,1149,0,0,573,0,0,0,0,0,0,0,0,0,0,0,0,0,0,0,0,0,0,0,0,0,0,0,0,0,0,0,0,0,0,0,0,0,0,0,0,0,0,0,0,0,0,0,0,0,0,0,0,0,0,0,0,0,0,0,0,0,0,0,0,0,0,0,0,0,0,0,0,0,0,0,0,0,0,0,0,306,473,0,0,0,0,0,0,0,456,0,0,0,0,0,0,0,0,0,0,0,0,0,0,0,0,0,0,0,624,0,0,0,0,0,0,0,0,0,0,0,0,0,0,0,0,0,0,0,0,0,0,0,0,0,0,90,304,0,753,0,0,0,293,0,0,0,0,1510,0,0,1201,0,0,0,0,0,0,685,0,0,0,0,0,0,0,0,0,0,0,0,0,0,0,0,0,10663,0,0,0,0,0,0,0,0,0,0,0,0,0,0,0,0,0,0,0,0,0,0,0,0,0,0
15ecd24a90245d8e3be7533e8430ae1a,Eukaryota,Chordata,Actinopteri,Scombriformes,Scombridae,Thunnus,Thunnus thynnus,CACCGCGGTTATACGAGAGGCCCAAGTTGACAGACACCGGCGTAAAGCGTGGTTAAGGTACACGAAAACTAAAGCCGAACACCTTCAGGGCAGTTATACGCATCCGAAGGCACGAAGCCCCACCACGAAAGTGGCTTTATAAACCCTGACTCCACGAAAGCTATGACA,3,0,0,0,0,0,0,0,0,0,0,0,0,0,0,31,120,0,0,0,0,0,0,0,0,0,0,0,0,0,0,0,0,0,0,0,0,0,0,0,0,0,0,0,0,0,0,0,0,0,0,0,0,0,0,0,0,0,0,0,0,0,0,0,0,0,0,0,0,0,0,0,0,0,0,0,0,0,0,0,0,0,0,0,0,0,0,0,0,0,0,0,0,0,0,0,0,0,0,0,0,0,0,0,0,0,0,0,0,0,0,0,0,0,0,0,0,0,0,0,0,0,0,0,0,0,0,0,0,0,0,0,0,0,0,0,0,0,0,0,0,0,0,0,0,0,0,0,0,0,0,0,0,0,0,0,0,0,0,0,0,0,0,0,0,0,0,1087,0,0,0,0,0,0,0,0,0,0,0,0,0,0,0,0,0,0,0,0,0,0,0,0,0,0,0,0,0,0,0,0,0,0,0,0,0,0,0,0,0,0,0,0,0,0,0,0,0,0,0,0,0
1e646e70fecffb34dc28c644c3e111c9,Eukaryota,Chordata,Actinopteri,Uranoscopiformes,Ammodytidae,Ammodytes,Ammodytes personatus,CACCGCGGTTATACGAGAGGCCCAAGCTGATAGACCCCGGCGTAAAGAGTGGTTAAGATAAACTTAAAACTAAAGCCGAACACCCTCACAGCTGTTATACGCACCCGAGAGTAAGAAGCCCAACTACGAAAGTGGCTTTACAACCCCTGAACCCACGAAAGCTATGACA,7,0,0,0,0,0,0,0,0,5,0,0,0,0,0,0,0,0,0,22,0,0,0,139,0,0,0,0,0,0,0,0,0,0,0,0,0,0,0,0,0,0,0,0,0,0,0,0,0,0,0,0,0,0,0,0,0,0,0,0,0,0,0,0,0,0,0,0,0,0,0,0,0,0,0,0,0,0,0,0,0,0,0,0,0,0,0,0,0,0,0,0,0,0,0,0,0,0,0,0,0,0,0,0,0,0,0,0,0,0,6,0,0,0,0,0,348,0,0,0,0,0,0,0,0,0,0,0,0,0,0,0,0,0,0,0,0,0,0,0,0,0,0,0,0,0,0,0,0,0,0,0,0,0,0,0,0,0,0,0,0,0,0,0,0,0,0,0,1174,0,0,0,0,0,0,0,0,0,0,0,0,0,0,0,0,0,0,0,0,0,0,0,141,0,0,0,0,0,0,0,0,0,0,0,0,0,0,0,0,0,0,0,0,0,0,0,0,0,0,0,0
24ffcf8e61bf26df5a398fb8cdbe72c2,Eukaryota,Chordata,Chondrichthyes,Lamniformes,Alopiidae,Isurus,Isurus oxyrinchus,CACCGCGGTTATACGAGTAACTCACATTAATACTCCCCGGCGTAAAGAGTGATTTAAGGAACATCTAACAACAACTAAAGTTCAGACCTTATCAAGCTGTCACACGCGCCCACAAGCGGAATTATCAACAACGAAAGTGACTTTACCCCACTAGAAATCTTGATGTCACGACAGTTAGACCC,1,0,0,0,0,0,0,0,0,0,0,0,0,0,0,0,0,0,0,0,0,0,0,0,0,0,0,0,0,0,0,0,0,0,0,0,0,0,0,0,0,0,0,0,0,0,0,0,0,0,0,0,0,0,0,0,0,0,0,0,0,0,0,0,0,0,0,0,0,0,0,0,0,0,0,0,0,0,0,0,0,0,0,0,0,0,0,0,0,0,0,0,0,0,0,0,0,0,0,0,0,0,0,0,0,0,0,0,0,0,0,0,0,0,0,0,0,0,0,0,0,0,0,0,0,0,0,0,0,0,0,0,0,0,0,0,0,0,0,0,0,0,0,0,0,0,0,0,0,0,0,0,0,0,0,0,0,0,0,0,0,0,0,0,0,0,0,0,0,0,0,0,0,0,0,0,0,0,0,0,0,0,0,0,0,0,0,0,0,0,0,0,0,0,0,0,0,0,0,0,0,0,0,0,0,0,0,1592,0,0,0,0,0,0,0,0,0,0,0,0,0
2523d496d711bc89d21f3f3c53db33bf,Eukaryota,Chordata,Actinopteri,Pleuronectiformes,Pleuronectidae,Hippoglossoides,Hippoglossoides platessoides,CACCGCGGTTATACGAGAGGCCCAAGTTGACAAACAACGGCGTAAAGAGTGGTTAGGGGATTTACTAAACTAGAGCCGAACGCTTTCAAAGCTGTTATACGCACCCGAAGGTATGAAACCCAATTACGAAAGTAGCTCTACTTATCCTGAACCCACGAAAGCTAAGGAA,1,0,0,0,0,0,0,0,0,0,0,0,0,0,0,0,0,0,0,0,0,0,0,0,0,0,0,0,0,0,0,0,0,0,0,0,0,0,0,0,0,0,0,0,0,0,0,0,0,0,0,0,0,0,0,0,0,0,0,0,0,0,0,0,0,0,0,0,0,0,0,0,0,0,0,0,0,0,0,0,0,0,0,0,0,0,0,0,0,0,0,0,0,0,0,0,0,0,0,0,0,0,0,0,0,0,0,0,0,0,0,0,0,0,0,0,0,0,0,0,0,0,0,0,0,0,0,0,0,0,0,0,0,0,0,0,0,0,0,0,0,0,0,0,0,0,0,0,0,0,0,0,0,0,0,0,0,0,0,0,0,0,0,0,0,0,42,0,0,0,0,0,0,0,0,0,0,0,0,0,0,0,0,0,0,0,0,0,0,0,0,0,0,0,0,0,0,0,0,0,0,0,0,0,0,0,0,0,0,0,0,0,0,0,0,0,0,0,0,0,0
297d0fb97f0d8b00a20e8438ced54f61,Eukaryota,Chordata,Actinopteri,Cypriniformes,Cyprinidae,Carassius,NA,CACCGCGGTTAGACGAGAGGCCCTAGTTGATATTACAACGGCGTAAAGGGTGGTTAAGGATAAATAAAAATAAAGTCAAATGGCCCCTTGGCCGTCATACGCTTCTAGGCGTCCGAAGCCCTAATACGAAAGTAACTTTAATGAACCCACCTGACCCCACGAAAGCTGAGGAA,3,0,0,0,0,0,0,0,0,0,0,0,0,0,148,0,140,0,0,0,554,0,0,0,0,0,0,0,0,0,0,0,0,0,0,0,0,0,0,0,0,0,0,0,0,0,0,0,0,0,0,0,0,0,0,0,0,0,0,0,0,0,0,0,0,0,0,0,0,0,0,0,0,0,0,0,0,0,0,0,0,0,0,0,0,0,0,0,0,0,0,0,0,0,0,0,0,0,0,0,0,0,0,0,0,0,0,0,0,0,0,0,0,0,0,0,0,0,0,0,0,0,0,0,0,0,0,0,0,0,0,0,0,0,0,0,0,0,0,0,0,0,0,0,0,0,0,0,0,0,0,0,0,0,0,0,0,0,0,0,0,0,0,0,0,0,0,0,0,0,0,0,0,0,0,0,0,0,0,0,0,0,0,0,0,0,0,0,0,0,0,0,0,0,0,0,0,0,0,0,0,0,0,0,0,0,0,0,0,0,0,0,0,0,0,0,0,0,0,0,0
299048dc7270729c57ca559454cfecc4,Eukaryota,Chordata,Actinopteri,Gadiformes,Gadidae,Gadus,Gadus chalcogrammus,CACCGCGGTTATACGAGAGGCCCAAATTGATGAAAAACGGCGTAAAGCGTGGTTAAGAAAAAAAGAGAAAATATGGCCGAACAGCTTCAAAGCAGTTATACGCATCCGAAGTCACGAAGAACAATCACGAAAGTTGCCCTAAAACCTCCGATTCCACGAAAGCCATAAAA,9,0,0,0,0,0,0,0,0,0,0,0,0,0,0,0,0,0,0,0,0,0,0,0,0,0,0,0,0,0,0,0,0,0,0,0,0,0,0,0,0,0,0,0,0,0,0,0,0,0,0,0,0,0,0,0,0,0,0,0,0,0,0,0,0,0,0,0,0,0,0,0,0,0,0,0,0,0,0,0,0,0,0,0,0,0,0,0,0,0,0,0,0,0,0,0,0,0,0,0,0,0,0,0,0,0,0,0,0,0,0,0,0,0,0,0,0,0,0,0,0,0,0,0,0,0,0,0,0,0,0,0,0,0,0,0,0,0,0,0,0,0,0,0,0,0,0,0,0,0,0,0,0,0,0,0,0,0,0,0,0,0,0,0,0,0,0,0,0,0,0,0,0,0,0,0,0,0,0,0,0,0,0,0,0,0,0,0,0,0,0,15979,0,0,0,0,0,5674,36,15592,0,0,0,0,1369,58255,16845,0,0,0,0,0,46922,28076,0,0,0,0,0,0,0
2a710e68a60b375a53a1720d3fe6a9b7,Eukaryota,Chordata,Actinopteri,Pleuronectiformes,Pleuronectidae,NA,NA,CACCGCGGTTATACGAGAGGCCCAAGTTGACAAACAACGGCGTAAAGAGTGGTTAGGGGATTTACTAAACTAGAGCCGAACGCTTTCAAAGCTGTTATACGCACCCGAAAGTATGAAACCCAATTACGAAAGTAGCTCTACCTATCCTGAACCCACGAAAGCTAAGGAA,8,0,0,0,0,0,0,0,0,0,0,0,0,0,0,40,0,0,370,0,549,0,0,0,2076,0,200,0,0,0,62,0,0,0,0,0,0,0,0,0,0,0,0,0,0,0,0,0,0,0,0,0,0,0,0,0,0,0,0,0,0,0,0,0,0,0,0,0,0,0,0,0,0,0,0,0,0,0,0,0,0,0,0,0,0,0,0,0,0,0,0,0,0,0,0,0,0,0,0,0,0,0,0,0,0,0,0,0,0,0,0,0,0,0,0,0,0,0,0,0,0,0,0,0,0,0,0,0,0,0,0,0,0,0,0,0,0,0,0,0,0,0,10742,0,0,0,0,0,0,0,0,0,0,0,0,0,0,0,0,0,0,0,0,0,0,0,0,0,0,0,0,0,0,0,0,0,0,0,0,0,0,0,0,0,0,0,0,31291,0,0,0,0,0,0,0,0,0,0,0,0,0,0,0,0,0,0,0,0,0,0,0,0,0,0,0,0,0,0,0,0,0
2b0c1737e92cd5ff0dea325b0c262754,Eukaryota,Chordata,Actinopteri,Clupeiformes,Clupeidae,Sardinella,Sardinella longiceps,CACCGCGGTTATACGAGAGGCCCAAGTTGATAAGCCCGGCGTAAAGAGTGGTTATGGAACCCGCCCCCACTAAAGCTAAAGAGCCCCTAAGCTGTTATACGCACTTGGAAGCTTGAACCCCTGACACGAAAGTAGCTTTACCTTCTCCTGAACCCACGATAGCTGGGGCA,1,0,0,0,0,0,0,0,0,0,0,0,0,0,0,0,0,0,0,0,0,0,0,0,0,0,0,0,0,0,0,0,0,0,0,0,0,0,0,0,0,0,0,0,0,0,0,0,0,0,0,0,0,0,0,0,0,0,0,0,0,0,0,0,0,0,0,0,0,0,0,0,0,0,0,0,0,0,0,0,0,0,0,0,0,0,0,0,0,0,0,0,0,0,0,0,0,0,0,0,0,0,0,0,0,0,0,0,0,0,0,0,0,0,0,0,0,0,0,0,0,0,0,0,0,0,0,0,0,0,0,0,0,0,0,0,0,0,0,68,0,0,0,0,0,0,0,0,0,0,0,0,0,0,0,0,0,0,0,0,0,0,0,0,0,0,0,0,0,0,0,0,0,0,0,0,0,0,0,0,0,0,0,0,0,0,0,0,0,0,0,0,0,0,0,0,0,0,0,0,0,0,0,0,0,0,0,0,0,0,0,0,0,0,0,0,0,0,0,0,0
2df02d4373b31365cd5fb2ac65a71227,Eukaryota,Chordata,Actinopteri,Pleuronectiformes,Pleuronectidae,Hippoglossoides,NA,CACCGCGGTTATACGAGAGGCCCAAGTTGACAAACAACGGCGTAAAGAGTGGTTAGGGGATTTACTAAACTAGAGCCGAACGCTTTCAAAGCTGTTATACGCACCCGAAAGTATGAAACCCAATTACGAAAGTAGCTCTACTTATCCTGAACCCACGAAAGCTAAGGAA,3,0,0,0,0,0,0,0,0,0,0,0,33,0,0,0,0,0,0,0,0,0,0,0,0,0,0,0,0,0,0,0,294,0,0,0,0,0,0,0,0,0,0,0,0,0,0,0,0,0,0,0,0,0,0,0,0,0,0,0,0,0,0,0,0,0,0,0,0,0,0,0,0,0,0,0,0,0,0,0,0,0,0,0,0,0,0,0,0,0,0,0,0,0,0,0,0,0,0,0,0,0,0,0,0,0,0,0,0,0,0,0,0,0,0,0,0,0,0,0,0,0,0,0,0,0,0,0,0,0,0,0,0,0,0,0,0,0,0,0,0,0,0,0,0,0,0,0,0,0,0,0,0,0,0,0,0,0,0,0,0,0,0,0,0,0,2278,0,0,0,0,0,0,0,0,0,0,0,0,0,0,0,0,0,0,0,0,0,0,0,0,0,0,0,0,0,0,0,0,0,0,0,0,0,0,0,0,0,0,0,0,0,0,0,0,0,0,0,0,0,0
31b74ef62b4422e3579db4d236d3fb1d,Eukaryota,Chordata,Actinopteri,Perciformes,Stichaeidae,Eumesogrammus,Eumesogrammus praecisus,CACCGCGGTTATACGAGAGGCCCAAGTTGACAGACATCGGCGTAAAGAGTGGTTAAGTTAAAATTTATACTAAAGCCGAACATCCTCAAGGCTGTTATACGCACCCGAAGATAAGAAGTTCAACCACGAAGGTGGCTTTATTTAGTCTGAACCCACGAAAGCTACGGCG,10,0,0,0,0,0,0,0,0,0,0,0,1227,0,0,0,1112,0,356,0,0,0,0,0,0,0,0,0,0,0,0,0,1743,0,0,0,0,0,0,0,0,0,0,0,0,0,0,0,0,0,0,0,0,0,0,0,0,0,0,0,2143,0,0,0,0,0,0,0,0,0,0,0,0,0,0,3637,0,0,0,0,0,0,0,0,0,0,0,0,0,0,8950,0,0,0,0,0,0,0,0,0,0,0,0,0,0,0,0,0,0,0,0,0,0,0,0,0,0,0,0,0,0,0,0,0,0,0,0,0,0,0,0,0,0,0,0,0,3834,0,0,0,0,9552,0,0,0,0,0,0,0,0,0,0,0,0,0,0,0,0,0,0,0,0,0,0,0,0,0,0,0,0,0,0,0,0,0,0,0,0,0,0,0,0,0,0,0,0,0,126343,0,0,0,0,0,0,0,0,0,0,0,0,0,0,0,0,0,0,0,0,0,0,0,0,0,0,0,0,0,0,0,0,0
339af72793a4dc2c1641492dba0ed5f7,Eukaryota,Chordata,Actinopteri,Perciformes,Sebastidae,Sebastes,NA,CACCGCGGCTATACGAGAGACCCAAGTTGATACCATCCGGCGTAAAGAGTGGTTATGGAAAATAAAGACTAAAGCCGCACACCTTCAAAGCTGTTATACGCATCCGAAGGCTAGAAGATCAACCACGAAGGTAGCTTTACAACCCCTGACCCCACGAAAGCTCTGGCA,16,0,0,0,0,0,0,0,0,0,0,0,228,0,0,8,0,0,0,0,0,0,0,0,0,0,505,0,0,0,0,197,0,0,0,0,0,0,0,0,0,0,0,0,0,0,0,0,0,0,0,0,0,0,0,0,281,16,105,0,0,0,0,0,174,103,0,0,0,537,0,0,0,0,0,0,1662,0,0,0,0,0,0,0,0,0,0,0,0,0,0,0,0,0,0,0,0,0,0,0,0,0,0,0,0,0,0,0,0,0,0,0,0,0,0,0,0,0,0,0,1598,0,0,0,0,0,0,1979,0,0,2220,0,0,0,0,0,0,0,0,0,0,9205,0,2334,0,0,0,0,0,0,0,0,0,0,0,0,0,0,0,0,0,0,0,0,0,0,0,0,0,0,0,0,0,0,0,0,0,0,0,0,0,0,0,0,0,0,0,0,0,0,0,0,0,0,0,0,0,0,0,0,0,0,0,0,0,0,0,0,0,0,0,0,0,0,0,0,0,0,0,0,0
3a4e69106ab698a13740e8b74aca6544,Eukaryota,Chordata,Actinopteri,Centrarchiformes,Centrarchidae,Lepomis,Lepomis macrochirus,CACCGCGGTTATACGAGAGGCTCAAGTTGATGAACCCCGGCGTAAAGAGTGGTTAAGAGAGATCAAAACTAAAGCCGAATGCTTTCAAAGCTGTTATACGCTTCCGAAAGTAAGAAGCCCAATCACGAAAGTGGCTTTACTTTACCTGACCCCACGAAAGCTACGACA,2,0,0,0,0,0,0,0,0,0,0,0,0,0,0,0,0,0,0,0,0,0,0,0,0,0,0,0,0,0,0,0,0,0,0,0,0,0,0,0,0,0,0,0,0,0,0,0,0,0,0,0,0,0,0,0,0,0,0,0,0,0,0,0,0,0,0,0,0,0,0,0,0,0,0,0,0,0,0,0,0,0,0,0,0,0,0,0,0,0,0,0,0,0,0,434,0,0,0,0,0,0,0,0,0,0,0,0,0,0,0,0,0,0,0,0,0,0,0,0,0,0,0,0,0,0,0,0,0,0,0,0,0,0,0,0,0,0,0,0,0,0,0,0,0,0,0,0,0,0,0,0,0,0,0,0,0,0,0,0,0,0,0,0,0,0,0,921,0,0,0,0,0,0,0,0,0,0,0,0,0,0,0,0,0,0,0,0,0,0,0,0,0,0,0,0,0,0,0,0,0,0,0,0,0,0,0,0,0,0,0,0,0,0,0,0,0,0,0,0,0
3b17a3ad0d4ab16978e2add435feaecb,Eukaryota,Chordata,Actinopteri,Perciformes,Percidae,Perca,Perca flavescens,CACCGCGGTTATACGAGAGGCCCAAGTTGATTGACATCGGCGTAAAGCGTGGTTAAGGCCAAAAATGAAACTAAAGCCGAACACCTTCAGAGCTGTTATACGCATCCGAAGGCAAGAAGTTCAACCACGAAGGTGGCTTTATAACCCCTGAACCCACGAAAGCTAAGATA,1,0,0,0,0,0,0,0,0,0,0,0,0,0,0,0,0,0,0,0,0,0,0,0,0,0,0,0,0,0,0,0,0,0,0,0,0,0,0,0,0,0,0,0,0,0,0,0,0,0,0,0,0,0,0,0,0,0,0,0,0,0,0,0,0,0,0,0,0,0,0,0,0,0,0,0,0,0,0,0,0,0,0,0,0,0,0,0,0,0,0,0,0,0,0,0,0,0,0,0,0,0,0,0,0,0,0,0,0,0,0,0,0,0,0,0,0,0,0,0,0,0,0,0,0,0,0,0,0,0,0,0,0,0,0,0,0,0,0,0,0,0,0,0,0,0,0,0,0,0,0,0,0,0,0,0,0,0,0,0,0,0,0,0,0,0,0,0,0,0,630,0,0,0,0,0,0,0,0,0,0,0,0,0,0,0,0,0,0,0,0,0,0,0,0,0,0,0,0,0,0,0,0,0,0,0,0,0,0,0,0,0,0,0,0,0,0,0,0,0,0
3c86ab3fdb11b602a40d981310be4c56,Eukaryota,Chordata,Actinopteri,Centrarchiformes,Centrarchidae,Pomoxis,Pomoxis nigromaculatus,CACCGCGGTTATACGAGAGGCTCAAGTTGATTAACCCCGGCGTAAAGAGTGGTTAAGATGAACTATAAACTAAAGCCGAATGCCCTCAAAGCCGTTATACGCACTCGAAGGAAAGAAGCTCAATCACGAAAGTAGCTTTACATCACCTGAACCCACGAAAGCTATGAAA,1,0,0,0,0,0,0,0,0,0,0,0,0,0,0,0,0,0,0,0,0,0,0,0,0,0,0,0,0,0,0,0,0,0,0,0,0,0,0,0,0,0,0,0,0,0,0,0,0,0,0,0,0,0,0,0,0,0,0,0,0,0,0,0,0,0,0,0,0,0,0,0,0,0,0,0,0,0,0,0,0,0,0,0,0,0,0,0,0,0,0,0,0,0,0,0,0,0,0,0,0,0,0,0,0,0,0,0,0,0,0,0,0,0,0,0,0,0,0,0,0,0,0,0,0,0,0,0,0,0,0,0,0,0,0,0,0,0,0,0,0,0,0,0,0,0,0,0,0,0,0,0,0,0,0,0,0,0,0,0,0,0,0,0,0,0,0,0,0,0,0,0,0,0,0,0,0,0,4102,0,0,0,0,0,0,0,0,0,0,0,0,0,0,0,0,0,0,0,0,0,0,0,0,0,0,0,0,0,0,0,0,0,0,0,0,0,0,0,0,0,0
422d3db4726e313c7448c71137e3a31e,Eukaryota,Chordata,Actinopteri,Perciformes,Sebastidae,Sebastes,Sebastes pachycephalus,CACCGCGGCTATACGAGAGACCCAAGTTGATACCATCCGGCGTAAAGAGTGGTTATGGAAAATAAAGACTAAAGCCGCACACCTTCAAAGCTGTTATACGCATCCGAAGGCTAGAAGATCAACCACGAAGGTAGCTTTACAACCCCTGACCCCACGAAAGATCTGGCA,3,0,0,0,0,0,0,0,0,0,0,0,0,0,0,0,54,0,0,0,0,0,0,0,0,0,0,0,0,0,0,0,0,0,0,0,0,0,0,0,0,0,0,0,0,0,0,0,0,0,0,0,0,0,0,0,0,0,0,0,0,0,0,0,0,100,0,0,0,0,0,0,0,0,0,0,0,0,0,0,0,0,0,0,0,0,0,0,0,0,0,0,0,0,0,0,0,0,0,0,0,0,0,0,0,0,0,0,0,0,0,0,0,0,0,0,0,0,0,0,0,0,0,0,0,0,0,0,0,0,807,0,0,0,0,0,0,0,0,0,0,0,0,0,0,0,0,0,0,0,0,0,0,0,0,0,0,0,0,0,0,0,0,0,0,0,0,0,0,0,0,0,0,0,0,0,0,0,0,0,0,0,0,0,0,0,0,0,0,0,0,0,0,0,0,0,0,0,0,0,0,0,0,0,0,0,0,0,0,0,0,0,0,0,0,0,0,0,0,0,0
436b53b94c83492c1a27fbe495fd48ef,Eukaryota,Chordata,Actinopteri,Perciformes,Gasterosteidae,Apeltes,Apeltes quadracus,CACCGCGGTTATACGAGAGGCCCAAGTTGATGAACATCGGCGTAAAGAGTGGTTAAGCTAAAATGAAACTAAAGCCGAACGCTTCCAAAGCTGTTATACGCATCCGGAAGTAAGAAGCCCAACCACGAAGGTGGCTTTATCTAACCTGAACCCACGAAAGCTACAGCA,13,0,0,0,0,0,0,0,0,0,0,0,0,0,0,0,0,0,0,0,0,0,0,0,0,0,0,0,0,0,0,0,0,0,0,0,0,0,0,0,0,0,0,0,0,0,0,0,0,0,0,0,0,0,0,0,0,0,0,0,0,0,0,0,0,0,0,0,0,0,0,0,0,0,0,0,0,0,0,0,0,0,0,0,0,75,508,0,0,120,0,0,0,0,218,163,0,0,0,0,0,0,0,420,0,0,0,0,0,0,0,0,0,0,0,0,0,0,0,0,0,0,0,0,0,0,0,0,0,0,0,0,0,0,0,0,0,0,0,0,0,0,0,0,0,0,0,0,0,0,0,0,0,0,404,846,0,403,763,0,579,820,0,0,0,0,0,877,0,0,0,0,0,0,0,0,0,0,0,0,0,0,0,0,0,0,0,0,0,0,0,0,0,0,0,0,0,0,0,0,0,0,0,0,0,0,0,0,0,0,0,0,0,0,0,0,0,0,0,0,0
43e85e49e3725e7b8a449cc9c0944292,Eukaryota,Chordata,Actinopteri,Gadiformes,Gadidae,Gadus,Gadus morhua,CACCGCGGTTATACGAGAGGCCCAAATTGATGAAAAACGGCGTAAAGCGTGGTTAAGAAAAAAAGAGAAAATATGGCCGAACAGCTTCAAAGCAGTTATACGCATCCGAAGTCACGAAGAACAATCACGAAAGTTGCCCTAAAGCCTCCGATTCCACGAAAGCCATAAAA,3,0,0,0,0,0,0,0,0,0,0,0,0,0,0,0,0,0,0,0,0,0,0,0,0,0,0,0,0,0,0,0,0,0,0,0,0,0,0,0,0,0,0,0,0,0,0,0,0,0,0,0,0,0,0,0,0,0,0,0,0,0,0,0,0,0,0,0,0,0,0,0,0,0,0,0,0,0,0,0,0,0,0,0,0,0,0,0,0,0,0,0,0,0,0,0,0,0,0,0,0,0,0,0,0,0,0,0,0,0,0,0,0,0,0,0,0,0,0,0,0,0,0,0,0,0,0,0,0,0,0,0,0,0,0,0,0,0,0,0,0,0,0,0,0,0,0,0,0,0,0,0,0,0,0,0,0,0,0,0,0,0,0,0,0,0,0,0,0,0,0,0,0,0,0,0,0,0,0,0,0,0,0,0,0,0,0,0,0,0,0,0,0,0,0,0,0,83,0,0,0,0,0,0,0,0,72,0,0,0,0,0,0,142,0,0,0,0,0,0,0
49d49d9e39fb8924fa1276b7afc4c2b0,Eukaryota,Chordata,Actinopteri,Centrarchiformes,Centrarchidae,Lepomis,Lepomis auritus,CACCGCGGTTATACGAGGGGCTCAAGTTGACAACCCCCGGCGTAAAGAGTGGTTAAGGAAGACTAGATACTAAAGCCGAATGCTTTCAAAGCTGTTATACGCTCCCGAGAGTAAGAAGACCAATTACGAAAGTGGCTTTACAATCCCCTGACCCCACGAAAGCTATGGCA,1,0,0,0,0,0,0,0,0,0,0,0,0,0,0,0,0,0,0,0,0,0,0,0,0,0,0,0,0,0,0,0,0,0,0,0,0,0,0,0,0,0,0,0,0,0,0,0,0,0,0,0,0,0,0,0,0,0,0,0,0,0,0,0,0,0,0,0,0,0,0,0,0,0,0,0,0,0,0,0,0,0,0,0,0,0,0,0,0,0,0,0,0,0,676,0,0,0,0,0,0,0,0,0,0,0,0,0,0,0,0,0,0,0,0,0,0,0,0,0,0,0,0,0,0,0,0,0,0,0,0,0,0,0,0,0,0,0,0,0,0,0,0,0,0,0,0,0,0,0,0,0,0,0,0,0,0,0,0,0,0,0,0,0,0,0,0,0,0,0,0,0,0,0,0,0,0,0,0,0,0,0,0,0,0,0,0,0,0,0,0,0,0,0,0,0,0,0,0,0,0,0,0,0,0,0,0,0,0,0,0,0,0,0,0,0,0,0,0,0,0
4cf42de5cddd00064d51dfe844d61dec,Eukaryota,Chordata,Actinopteri,Gadiformes,Lotidae,Brosme,Brosme brosme,CACCGCGGTTATACGAGAGACCCAAATTGATGAAAAACGGCGTAAAGCGTGGTTAAGAAAATAAGAAAAATAGGGTCGAACAGCCTCAAAGCAGTTATACGCATTCGAGGCCACGAAGCACAGTCACGAAAGTGGCCCTACTAACCCCTGATTCCACGAAAGCCATAGAA,6,0,0,0,0,0,0,0,0,0,0,0,0,0,0,0,362,0,0,0,0,0,0,0,0,0,647,0,0,0,0,0,70,0,0,0,0,0,0,0,0,0,0,0,0,0,0,1041,1129,0,0,0,0,0,0,0,0,0,0,0,0,0,0,0,0,0,0,414,0,0,0,0,0,0,0,0,0,0,0,0,0,0,0,0,0,0,0,0,0,0,0,0,0,0,0,0,0,0,0,0,0,0,0,0,0,0,0,0,0,0,0,0,0,0,0,0,0,0,0,0,0,0,0,0,0,0,0,0,0,0,0,0,0,0,0,0,0,0,0,0,0,0,0,0,0,0,0,0,0,0,0,0,0,0,0,0,0,0,0,0,0,0,0,0,0,0,0,0,0,0,0,0,0,0,0,0,0,0,0,0,0,0,0,0,0,0,0,0,0,0,0,0,0,0,0,0,0,0,0,0,0,0,0,0,0,0,0,0,0,0,0,0,0,0,0,0,0,0,0,0,0
510fc640c809ed5a09b902588703a6ee,Eukaryota,Chordata,Actinopteri,Anguilliformes,Anguillidae,Anguilla,Anguilla rostrata,CACCGCGGTTATACGAGGGGCTCAAATTGATATTACACGGCGTAAAGCGTGATTAAAAAATAAACAAACTAAAGCCAAACACTTCCCAAGCTGTCATACGCTACCGGACAAAACGAAGCCCTATAACGAAAGTAGCTTTAACACCTTTGAACTCACGACAGTTGAGGAA,11,0,0,0,0,0,0,0,0,0,0,0,0,0,0,0,0,0,0,0,0,0,0,0,0,0,0,0,0,0,0,0,0,0,0,0,0,0,0,0,0,0,0,0,0,0,0,0,0,331,0,0,0,0,0,0,0,0,0,0,0,0,0,0,0,0,0,0,0,0,0,0,0,0,0,0,0,0,0,0,0,0,0,0,0,232,0,0,428,0,0,376,0,0,0,0,0,0,0,0,0,341,0,0,0,0,0,0,0,0,0,0,0,0,0,0,0,0,0,0,0,0,0,0,0,0,0,0,0,0,0,0,0,0,0,0,0,0,0,0,0,0,0,0,0,0,0,0,0,0,0,0,0,0,106,389,0,903,0,0,374,0,0,0,0,0,0,1117,769,0,0,0,0,0,0,0,0,0,0,0,0,0,0,0,0,0,0,0,0,0,0,0,0,0,0,0,0,0,0,0,0,0,0,0,0,0,0,0,0,0,0,0,0,0,0,0,0,0,0,0,0
526f83d6cdb96cea8d24ebaf135f1d1f,Eukaryota,Chordata,Actinopteri,Perciformes,Liparidae,Liparis,NA,CACCGCGGTTATACGAGAGGCCCAAGTTGAAAGACACCGGCGTAAAGCGTGGTTAAGCTAAAATTTAAATTAAAGTTAAACATCTTCAAGACTGTTATACGTATCCGAAGACAGGAACCTCAATTACGAAAGTAACTTTATATAAGCTGAATCCACGAAAGCTATAGCA,1,0,0,0,0,0,0,0,0,0,0,0,0,0,0,0,0,0,0,0,0,0,0,157,0,0,0,0,0,0,0,0,0,0,0,0,0,0,0,0,0,0,0,0,0,0,0,0,0,0,0,0,0,0,0,0,0,0,0,0,0,0,0,0,0,0,0,0,0,0,0,0,0,0,0,0,0,0,0,0,0,0,0,0,0,0,0,0,0,0,0,0,0,0,0,0,0,0,0,0,0,0,0,0,0,0,0,0,0,0,0,0,0,0,0,0,0,0,0,0,0,0,0,0,0,0,0,0,0,0,0,0,0,0,0,0,0,0,0,0,0,0,0,0,0,0,0,0,0,0,0,0,0,0,0,0,0,0,0,0,0,0,0,0,0,0,0,0,0,0,0,0,0,0,0,0,0,0,0,0,0,0,0,0,0,0,0,0,0,0,0,0,0,0,0,0,0,0,0,0,0,0,0,0,0,0,0,0,0,0,0,0,0,0,0,0,0,0,0,0,0
5378c2a77c5926358b85a7e742e7dbd4,Eukaryota,Chordata,Actinopteri,Perciformes,Serranidae,Hypoplectrus,Hypoplectrus gemma,CACCGCGGTTATACGAGAGGCCCAAGTTGATTAAATGCGGCGTAAAGAGTGGTTATGAAAATTAAACAATAAGGTCGAATATCCTCAGAGCAGTTATACGCATCCGAGGTCACGAAGAACAGTCACGAAAGTAGCCCTACTATAATTCTGACCCCACGAAAACCATAGAA,6,0,0,0,0,0,0,0,0,0,0,0,0,0,0,0,0,0,0,0,0,0,0,0,0,0,0,0,0,0,0,0,0,0,0,0,0,0,0,0,0,0,0,0,0,0,0,0,0,0,0,0,0,0,0,0,0,0,0,0,0,0,0,0,0,0,0,0,0,0,0,0,0,0,0,0,0,0,15,0,0,0,0,0,0,0,0,0,0,0,0,0,0,0,0,0,0,0,0,0,0,0,0,0,0,0,0,0,0,0,0,0,132,0,261,0,0,0,0,0,0,0,0,0,0,0,0,0,0,0,0,0,0,0,0,0,0,0,0,0,0,0,0,0,0,0,0,0,0,0,0,0,0,0,0,0,0,0,0,0,0,0,0,0,0,0,0,0,0,0,0,0,0,0,0,0,0,0,64,2251,5659,0,0,0,0,0,0,0,0,0,0,0,0,0,0,0,0,0,0,0,0,0,0,0,0,0,0,0,0,0,0,0,0,0,0,0,0,0,0,0,0
545fbdada0ac175a1ead9d95237e716a,Eukaryota,Chordata,Actinopteri,Perciformes,Cottidae,Myoxocephalus,Myoxocephalus octodecemspinosus,CACCGCGGTTATACGAGAGGCCCAAGTTGACAAACACCGGCGTAAAGCGTGGTTAAGTAAAAACTCACACTAAAGCCAAACATTTTCCAGGCTGTTATACGCAACCGAAGACAGGAAGCTCAACCACGAAAGTGGCTTTATCTAATCTGAACCCACGAAAGCTAAGGAA,9,0,0,0,0,0,0,0,0,0,0,0,0,0,1112,0,0,0,4111,0,0,0,831,0,0,0,399,0,57,0,0,0,0,0,0,0,0,0,0,0,0,0,0,0,0,0,2113,0,0,0,0,0,0,3108,0,0,0,0,0,0,0,0,0,0,0,0,0,0,0,0,0,0,0,0,0,0,0,0,140,0,0,0,0,0,0,0,0,0,0,0,0,0,0,0,0,0,0,0,0,0,0,0,0,0,0,0,0,0,0,0,0,0,0,0,0,0,0,0,0,0,0,0,0,0,0,0,0,0,0,0,0,0,0,0,0,0,0,0,0,0,0,0,12630,0,0,0,0,0,0,0,0,0,0,0,0,0,0,0,0,0,0,0,0,0,0,0,0,0,0,0,0,0,0,0,0,0,0,0,0,0,0,0,0,0,0,0,0,0,0,0,0,0,0,0,0,0,0,0,0,0,0,0,0,0,0,0,0,0,0,0,0,0,0,0,0,0,0,0,0,0,0
598833e0d2dce578b8263152b142749c,Eukaryota,Chordata,Actinopteri,Tetraodontiformes,Tetraodontidae,Sphoeroides,Sphoeroides dorsalis,CACCGCGGTTATACGAGAGGTCCAAGTTGATTAAATGCGGCGTAAAGAGTGGTTATGAAAATTAAACAATAAGGTCGAATATCCTAAGAGCAGTTATACGAATCCGAGGTCACGAAGCACAGTCACGAAAGTAGCCCTACTATAATTCTGACCCCACGAAAACCATAGAA,1,0,0,0,0,0,0,0,0,0,0,0,0,0,0,0,0,0,0,0,0,0,0,0,0,0,0,0,0,0,0,0,0,0,0,0,0,0,0,0,0,0,0,0,0,0,0,0,0,0,0,0,0,0,0,0,0,0,0,0,0,0,0,0,0,0,0,0,0,0,0,0,0,0,0,0,0,0,0,0,0,0,0,0,0,0,0,0,0,0,0,0,0,0,0,0,0,0,0,0,0,0,0,0,0,0,0,0,0,0,0,0,0,0,0,0,0,0,0,0,208,0,0,0,0,0,0,0,0,0,0,0,0,0,0,0,0,0,0,0,0,0,0,0,0,0,0,0,0,0,0,0,0,0,0,0,0,0,0,0,0,0,0,0,0,0,0,0,0,0,0,0,0,0,0,0,0,0,0,0,0,0,0,0,0,0,0,0,0,0,0,0,0,0,0,0,0,0,0,0,0,0,0,0,0,0,0,0,0,0,0,0,0,0,0,0,0,0,0,0,0
5a7783c847304564e78f42bc0b5eef42,Eukaryota,Chordata,Actinopteri,Clupeiformes,Clupeidae,Alosa,Alosa pseudoharengus,CACCGCGGTTATACGAGAGGCCCTAGTTGATTCACTCGGCGTAAAGAGTGGTTATGGAGAATAAAATACTAAAGCCGAAGACCCCTTAGGCCGTCATACGCACCTAGGGGCTCGAATTATAGACACGAAAGTAGCTTTACCCCTTCCCACCAGAACCCACGACAGCTGGGACA,10,0,0,0,0,0,0,0,0,95,878,0,0,0,0,0,0,0,150,0,0,0,0,0,0,0,236,0,322,0,241,0,104,0,0,0,0,0,0,0,0,0,0,0,0,0,0,0,0,0,0,0,0,0,0,0,0,0,0,0,0,0,0,0,0,0,0,0,0,0,0,0,0,0,0,0,0,0,0,0,0,0,0,0,0,0,0,0,279,0,0,0,0,0,0,0,0,0,0,0,0,0,0,0,0,0,0,0,0,0,0,0,0,0,0,0,0,0,0,0,0,0,0,0,0,0,0,0,0,0,0,0,0,0,0,0,0,0,0,0,0,0,0,0,0,0,0,0,0,0,0,0,0,0,0,0,0,0,0,0,0,0,0,0,0,0,0,1269,0,0,0,0,0,0,0,0,0,0,0,0,0,0,0,0,0,0,0,0,0,0,0,0,0,0,0,0,0,0,0,0,0,0,0,0,0,0,5679,0,0,0,0,0,0,0,0,0,0,0,0,0,0
5b5925d80d5f6439973671eda10338ad,Eukaryota,Chordata,Actinopteri,Perciformes,Gasterosteidae,Pungitius,Pungitius pungitius,CACTGCGGTTATACGAGAGGCCCAAGTTGATGAACATCGGCGTAAAGAGTGGTTAAGCTAAAATTAAAACTAAAGCCGAACGTCCCCAAAGCTGTTATACGCACCCGGGGGTAAGAAGTTCAACCACGAAGGTGGCTTTATTAAACCTGAACCCACGAAAGCTACGGCA,3,0,0,0,0,0,0,0,0,0,0,0,0,0,0,0,0,0,0,0,0,0,0,0,0,0,0,0,0,0,0,0,0,0,0,0,0,0,0,0,0,0,0,0,0,0,0,0,0,0,0,0,0,0,0,0,0,0,0,0,0,0,0,0,0,0,0,0,0,0,0,0,0,0,0,0,0,0,0,0,0,0,0,0,0,0,0,0,0,0,0,0,0,0,0,0,0,0,0,0,0,0,0,0,0,0,0,0,0,0,0,0,0,0,0,0,0,0,0,0,0,0,0,0,0,0,0,0,0,0,0,0,0,0,0,0,0,0,0,0,0,0,0,0,0,0,0,0,0,0,0,0,0,0,0,0,0,0,0,0,0,0,0,0,0,0,0,0,0,20,579,1684,0,0,0,0,0,0,0,0,0,0,0,0,0,0,0,0,0,0,0,0,0,0,0,0,0,0,0,0,0,0,0,0,0,0,0,0,0,0,0,0,0,0,0,0,0,0,0,0,0
5ba8ac0932668789e379cc462b15ef3c,Eukaryota,Chordata,Actinopteri,Clupeiformes,Clupeidae,Alosa,Alosa aestivalis,CACCGCGGTTATACGAGAGGCCCTAGTTGATTCACTCGGCGTAAAGAGTGGTTATGGAGAATAAAATACTAAAGCCGAAGACCCCTTAGGCCGTCATACGCACCTAGGGGCTCGAATTATAAACACGAAAGTAGCTTTACCCCTTCCCACCAGAACCCACGACAGCTGGGACA,42,0,0,0,0,0,0,0,0,436,404,0,1612,0,2244,131,165,0,14,209,704,407,0,0,0,0,1132,0,0,0,810,1022,1509,6706,0,0,0,0,0,0,0,0,0,0,0,0,0,0,0,0,0,0,0,0,0,0,0,0,0,0,0,0,0,0,0,0,0,0,418,0,0,0,0,0,0,0,0,0,0,0,0,0,0,0,0,0,124,0,2851,634,0,0,0,0,0,430,0,0,0,0,0,0,0,0,0,0,0,133,163,82,0,0,0,6067,0,562,1199,2751,0,0,19506,1351,9854,0,0,2673,0,6138,0,0,2571,0,0,0,0,0,0,0,0,0,0,0,0,0,7032,0,0,0,0,0,0,0,0,0,0,0,0,0,0,0,0,449,0,1354,0,0,0,1,0,0,0,0,0,0,0,0,0,0,0,0,0,0,0,0,0,0,0,0,92831,128748,0,37853,377,0,0,0,0,0,0,0,0,0,0,0,0,0,0,0,24268,0,0,0,0,0,0,0,0,0,0,0,0
5cc9c634c441079aca6cf9bdfe61b13f,Eukaryota,Chordata,Actinopteri,Perciformes,Gasterosteidae,Pungitius,NA,CACCGCGGTTATACGAGAGGCCCAAGTTGATGAACATCGGCGTAAAGAGTGGTTAAGCTAAAATTAAAACTAAAGCCGAACGTCCCCAAAGCTGTTATACGCACCCGGGGGTAAGAAGTTCAACCACGAAGGTGGCTTTATTAAACCTGAACCCACGAAAGCTACGGCA,3,0,0,0,0,0,0,0,0,0,0,0,0,0,0,0,0,0,0,0,0,0,0,0,0,0,0,0,0,0,0,0,0,0,0,0,0,0,0,0,0,0,0,0,0,0,0,0,0,0,0,0,0,0,0,0,0,0,0,0,0,0,0,0,0,0,0,0,0,0,0,0,0,0,0,0,0,0,0,0,0,0,0,0,0,0,0,0,0,0,0,0,0,0,0,0,0,0,0,0,0,0,0,0,0,0,0,0,0,0,0,0,0,0,0,0,0,0,0,0,0,0,0,0,0,0,0,0,0,0,0,0,0,0,0,0,0,0,0,0,0,0,0,0,0,0,0,0,0,0,0,0,0,0,0,0,0,0,0,0,0,0,0,0,0,0,0,0,0,5570,8497,42093,0,0,0,0,0,0,0,0,0,0,0,0,0,0,0,0,0,0,0,0,0,0,0,0,0,0,0,0,0,0,0,0,0,0,0,0,0,0,0,0,0,0,0,0,0,0,0,0,0
5e4ab0ba8c6c0d91f25fb1fe4b25df11,Eukaryota,Chordata,Actinopteri,Osmeriformes,Osmeridae,Osmerus,Osmerus mordax,CACCGCGGTTATACGAGTGGCCCAAGTTGAAAGTTACCGGCGTAAAGAGTGGTTAGGGAAATAATAAACTAAAGCCGAACACCCTCTAGGCTGTTATACGCTTCTGACGGCACGAAGCCCCACTACGAAAGTGGCTTTAATACACCTGAACCCACGACAACTAAGACA,23,0,0,0,0,0,0,0,0,0,4,0,0,0,0,0,0,0,0,6,0,0,0,0,0,0,0,0,0,0,34,0,0,0,0,0,0,0,0,93,0,0,0,0,0,0,0,0,0,0,0,0,0,0,0,0,0,0,0,0,0,0,0,0,0,0,0,0,0,0,0,0,0,0,0,0,0,0,0,0,0,0,0,0,0,4709,878,23609,0,0,0,29,2175,201,0,0,0,131,67,794,1788,10663,24794,262,416,0,31,0,0,0,0,0,0,0,0,0,0,0,0,0,0,0,0,0,0,0,0,0,0,0,0,0,0,0,0,0,0,0,0,0,0,0,0,0,0,0,0,0,0,0,0,0,0,0,0,0,0,0,0,0,0,0,0,0,0,0,0,0,0,41,129,0,0,0,0,2,3,0,0,0,0,0,0,0,0,0,0,0,0,0,0,0,0,0,0,0,0,0,0,0,0,0,0,0,0,0,0,0,0,0,0,0,0,0,0,0,0,0,0,0,0
65ee76215e97364858b82ac23fe4d27b,Eukaryota,Chordata,Actinopteri,Spariformes,Sparidae,Pagellus,Pagellus bellottii,AAAACTCGTGCCAGTGCCAGCAGCAGTACTGCTCCTCCACTTACTTCCCTTCATTGTCGTCCTTGTGTTACCATTCCAGAGTCCTTCTTACAACACTGGGATTAGATACCCCACTAT,12,0,0,0,0,0,0,0,2,0,0,0,2,0,0,0,0,0,0,0,0,0,0,0,0,0,2,0,0,0,0,0,0,3,0,0,0,0,0,0,0,0,0,0,0,0,0,2,0,0,0,0,0,0,0,0,0,0,0,0,0,3,0,0,0,0,0,0,0,0,0,4,0,0,0,0,0,0,0,0,0,0,0,0,0,0,0,0,0,0,0,0,0,0,0,0,0,0,0,0,0,0,0,0,0,0,0,0,0,0,0,0,0,0,0,0,0,0,0,0,0,0,0,0,0,0,0,0,0,0,0,0,0,0,0,6,5,0,0,0,0,0,4,2,0,0,0,0,0,0,0,0,0,0,0,0,0,0,0,0,0,0,0,0,0,0,5,0,0,0,0,0,0,0,0,0,0,0,0,0,0,0,0,0,0,0,0,0,0,0,0,0,0,0,0,0,0,0,0,0,0,0,0,0,0,0,0,0,0,0,0,0,0,0,0,0,0,0,0,0,0
6f0a1cf43072d9695cfb946772c4ee75,Eukaryota,Chordata,Actinopteri,Siluriformes,Ictaluridae,Ameiurus,Ameiurus natalis,CACCGCGGTTATACGAAAGGCCCTAGTTGCTAGCCACGGCGTAAAGGGTGGTTAAGGACAATAATAAATAAAGCCAAAGATCCCCTAGGCCGTCATACGCATTCCGGGGGCACGAAGCCCTAACACGAAAGTAGCTTTAAAAATTTACCTGACCCCACGAAAGCTAAGAAA,2,0,0,0,0,0,0,0,0,0,0,0,0,0,0,0,0,0,0,0,0,0,0,0,0,0,0,0,0,0,0,0,0,0,0,0,0,0,0,0,0,0,0,0,0,0,0,0,0,0,0,0,0,0,0,0,0,0,0,0,0,0,0,0,0,0,0,0,0,0,0,0,0,0,0,0,0,0,0,0,0,0,0,0,0,0,0,0,0,0,0,0,0,0,0,0,0,0,0,0,0,0,0,0,0,0,0,0,0,0,0,0,0,0,0,0,0,0,0,0,0,0,0,0,0,0,0,0,0,0,0,0,0,0,0,0,0,0,0,0,0,0,0,0,0,0,0,0,0,0,0,0,0,0,3,0,0,0,0,0,0,0,0,0,0,0,0,0,2,0,0,0,0,0,0,0,0,0,0,0,0,0,0,0,0,0,0,0,0,0,0,0,0,0,0,0,0,0,0,0,0,0,0,0,0,0,0,0,0,0,0,0,0,0,0,0,0,0,0,0,0
70a1138682757872555195c15b9d284e,Eukaryota,Chordata,Actinopteri,Clupeiformes,Clupeidae,Alosa,Alosa sapidissima,CACCGCGGTTATACGAGAGGCCCTAGTTGATTCACTCGGCGTAAAGAGTGGTTATGGAGAATAAAATACTAAAGCCGAAGGCCCCTTAGGCCGTCATACGCACCTAGAGGCTCGAATTATAGACACGAAAGTAGCTTTACCCCTTCCCACCAGAACCCACGACAGCTGGGACA,6,0,0,0,0,0,0,0,0,0,0,0,0,0,0,0,0,0,0,0,0,30,0,153,0,0,0,0,0,0,0,0,198,0,0,0,0,0,0,0,0,0,0,0,0,0,0,0,0,0,0,0,0,0,0,0,0,0,0,0,0,0,0,0,0,0,0,0,0,0,0,0,59,0,0,0,0,0,0,0,0,0,0,0,0,0,239,0,0,0,0,0,0,0,0,0,0,0,0,0,0,0,0,0,0,0,0,0,0,40,0,0,0,0,0,0,0,0,0,0,0,0,0,0,0,0,0,0,0,0,0,0,0,0,0,0,0,0,0,0,0,0,0,0,0,0,0,0,0,0,0,0,0,0,0,0,0,0,0,0,0,0,0,0,0,0,0,0,0,0,0,0,0,0,0,0,0,0,0,0,0,0,0,0,0,0,0,0,0,0,0,0,0,0,0,0,0,0,0,0,0,0,0,0,0,0,0,0,0,0,0,0,0,0,0,0,0,0,0,0,0
73f4c80cb0472c0cd5fe438696babc6e,Eukaryota,Chordata,Actinopteri,Clupeiformes,Clupeidae,Brevoortia,Brevoortia gunteri,CACCGCGGTTATACGAGAGGCCCTAGTTGATTCACTCGGCGTAAAGAGTGGTTATGGAGAACTAAATACTAAAGCCGAAGACCCCTTAGGCCGTCATACGCACCTAGGGGTTCGAATTATATACACGAAAGTAGCTTTACCCTTTCCCACCAGAACCCACGACAGCCGGGACA,85,0,0,0,0,0,0,0,19037,39220,31814,0,13253,0,5140,5134,6596,12294,63040,21718,28187,46078,12547,22168,0,0,2919,0,18320,0,57716,16627,53062,4732,461,9,0,0,0,1826,0,0,0,0,0,0,0,0,0,0,0,0,0,1921,898,0,0,0,130,0,0,0,3172,0,0,0,0,0,959,0,0,0,0,0,0,0,1751,0,0,0,0,0,0,0,0,0,340,0,1296,413,0,1068,0,0,469,311,0,0,0,0,0,0,0,0,0,0,566,668,1449,145,158,0,134365,0,99683,43208,101108,1511,455,5079,67348,19565,4051,0,0,0,0,279,0,2134,0,0,0,0,16,0,955,0,0,0,0,10973,17642,0,0,0,0,0,0,0,0,0,0,0,602,1067,0,0,4329,0,64370,94200,185204,30198,103352,227681,16229,2698,1184,0,607,0,0,0,0,2046,1342,0,3187,8158,24997,0,118058,139431,0,0,0,0,0,0,103328,0,134211,25591,0,0,0,0,3,19424,0,0,49721,0,0,0,0,0,0,0,0,9834,0,30206,0,0,0,0,0,18680,0
76e006c6c343db86deb936663daa40d7,Eukaryota,Chordata,Actinopteri,Perciformes,Agonidae,Hemitripterus,Hemitripterus americanus,CACCGCGGTTATACGAGAGGCCCAAGTTGATAGCCACCGGCGTAAAGCGTGGTTAAGTTTAAACTCATACTAAAGCCAAACATCTTCAAGACTGTTATACGTAGCCGAAGACAGGAAGTTCAACCACGAAAGTGGCTTTATCTAATCTGAACCCACGAAAGCTAAGGAA,10,0,0,0,0,0,0,0,0,0,0,0,0,0,0,0,0,0,148,104,147,550,0,0,0,0,0,0,0,0,0,0,444,0,0,0,0,0,0,0,0,0,0,0,0,0,0,916,0,0,0,0,0,0,0,0,0,0,0,0,0,0,0,0,0,0,0,0,0,0,0,0,0,0,0,0,0,0,0,0,0,0,0,0,0,0,0,0,0,0,0,0,0,0,0,0,0,0,0,0,0,0,0,0,0,0,0,0,0,0,0,0,0,0,0,0,0,0,0,0,0,0,0,0,0,0,0,0,0,0,0,0,0,0,0,0,0,0,0,0,0,2345,0,0,0,0,0,0,0,0,0,0,0,0,0,0,0,0,0,0,0,0,0,0,0,0,0,0,0,0,0,0,0,0,0,0,0,0,0,0,0,0,0,0,0,0,0,0,0,0,0,0,0,0,0,0,0,0,0,0,0,0,0,0,38261,0,14994,0,0,0,0,25666,0,0,0,0,0,0,0,0,0
782225558cd4bd1f92efd6445b63a1dd,Eukaryota,Chordata,Actinopteri,Scombriformes,Stromateidae,Peprilus,Peprilus burti,CACCGCGGTTATACGAGAGGCCCGAGTTGATAGACATCGGCGTAAAGAGTGGTTAAGGAAAACTTAAACTAAAGCCGAACACCTTAAGAGCAGTTATACGCCTACTAAGGTACGAAGCCCCACCACGAAAGTGGCTTTATAACCCTGACCCCACGAAAGCTATGATA,24,0,0,0,0,0,0,0,0,0,0,0,776,0,221,0,775,0,66,0,0,833,620,0,0,0,526,0,181,0,0,0,349,0,0,0,0,0,0,0,0,0,0,0,0,0,0,0,0,0,27,0,0,2442,0,0,0,0,0,0,0,0,0,268,0,0,0,0,0,1329,350,0,0,0,0,0,0,0,0,84,0,0,0,0,0,0,0,0,0,0,0,0,0,0,0,0,0,0,0,0,0,0,0,0,0,0,0,0,0,0,0,0,0,0,0,0,366,1051,3135,0,0,0,0,2373,0,483,0,0,2198,0,0,0,0,0,0,0,0,0,0,0,0,0,0,0,465,0,0,0,0,0,0,0,0,0,0,0,0,0,0,0,0,0,0,0,0,0,0,0,0,0,0,0,0,0,0,0,0,0,0,0,0,0,0,0,0,0,0,0,0,0,0,0,550,0,0,0,0,0,0,0,0,0,0,0,0,0,0,0,0,0,0,0,0,0,0,0,0,0,23846,0,0
79c5bf8e719046b98ea4b9639d500374,Eukaryota,Chordata,Actinopteri,Scombriformes,Scombridae,Scomber,Scomber scombrus,CACCGCGGTTATACGATAGGCCCAAGTTGACAGACCCCGGCGTAAAGCGTGGTTAGGGAAAATTTAAAACTAAAGCCGAACACCTTCAGGGCAGTCATACGCTTCCGAAGGCACGAAGCCCCTCCACGAAAGTGGCTTTACTACCCCCGACCCCACGAAAGCTAGGACA,91,0,0,0,0,0,0,0,1155,2193,4335,0,11043,0,19691,2369,1658,748,1538,2228,4888,10691,13242,4026,0,0,669,0,340,0,19911,9359,15774,708,0,0,0,0,0,0,0,0,0,0,0,0,0,1901,0,0,0,358,0,0,0,787,0,0,0,0,0,0,0,0,188,0,0,2098,0,0,540,0,51,0,0,0,2693,576,2323,0,0,0,0,0,0,0,0,0,0,0,0,0,0,0,0,0,0,0,0,0,566,2687,0,0,1309,0,0,230,203,151,37,0,0,8574,2003,30,703,0,631,0,16439,1931,17774,4963,220,725,0,0,3685,4129,36239,7987,3363,0,3697,54680,13487,7128,9254,4516,0,3628,28082,0,2519,763,1236,0,0,0,0,0,0,0,0,0,0,0,0,0,0,0,0,0,0,0,0,0,0,0,0,0,0,1259,0,0,0,0,0,0,0,0,0,0,0,0,0,0,112758,340,0,79983,2096,162574,157701,0,0,67233,581,147734,270430,331001,207478,0,65889,94955,50008,391171,113668,255347,0,44398,161604,46129,112095,43836,198017,0,126715,167415,0
7e38b1d8f3133de7c227a7f4548ebbdf,Eukaryota,Chordata,Actinopteri,Cypriniformes,Leuciscidae,Rhinichthys,Rhinichthys cataractae,CACCGCGGTTAAACGAGAGGCCCTAGTTGATAGTACAACGGCGTAAAGGGTGGTTAAGGACAGCGAAATAATAAAGTCGAATGGCCCTTTGGCTGTCATACGCTTCTAGGAGTCCGAAGCCCGATATACGAAAGTAGCTTTAGAAAAGCCCACCTGACCCCACGAAAGCTGAGAAA,1,0,0,0,0,0,0,0,0,0,0,0,0,0,0,0,0,0,0,0,0,0,0,0,0,0,0,0,0,0,0,0,0,0,0,0,0,0,0,0,0,0,0,0,0,0,0,0,0,0,0,0,0,0,0,0,0,0,0,0,0,0,0,0,0,0,0,0,0,0,0,0,0,0,0,0,0,0,0,0,0,0,0,0,0,0,0,0,0,0,0,0,0,0,0,0,0,0,0,0,0,0,0,0,0,0,0,0,0,0,0,0,0,0,0,0,0,0,0,0,0,0,0,0,0,0,0,0,0,0,0,0,0,0,0,0,0,0,0,0,0,0,0,0,0,0,0,0,0,0,0,0,0,0,0,0,0,0,0,0,0,0,0,0,0,0,0,0,0,0,306,0,0,0,0,0,0,0,0,0,0,0,0,0,0,0,0,0,0,0,0,0,0,0,0,0,0,0,0,0,0,0,0,0,0,0,0,0,0,0,0,0,0,0,0,0,0,0,0,0,0
833f78d049b5386151c7f98b2836d8f7,Eukaryota,Chordata,Actinopteri,Cypriniformes,Leuciscidae,Luxilus,Luxilus cornutus,CACCGCGGTTAAACGAGAGGCCCTAGTTGATAGTACAACGGCGTAAAGGGTGGTTAAGGATAGTAAAACAATAAAGTCGAATGGCCCTTTGGCTGTCATACGCTTCTAGGAGTCCGAAGCCCAATATACGAAAGTAACTTTAACAAAGCCCACCTGACCCCACGAAAACTGAGAAA,1,0,0,0,0,0,0,0,0,0,0,0,0,0,0,0,0,0,0,0,0,0,0,0,0,0,0,0,0,0,0,0,0,0,0,0,0,0,0,0,0,0,0,0,0,0,0,0,0,0,0,0,0,0,0,0,0,0,0,0,0,0,0,0,0,0,0,0,0,0,0,0,0,0,0,0,0,0,0,0,0,0,0,0,0,0,0,0,0,0,0,0,0,0,218,0,0,0,0,0,0,0,0,0,0,0,0,0,0,0,0,0,0,0,0,0,0,0,0,0,0,0,0,0,0,0,0,0,0,0,0,0,0,0,0,0,0,0,0,0,0,0,0,0,0,0,0,0,0,0,0,0,0,0,0,0,0,0,0,0,0,0,0,0,0,0,0,0,0,0,0,0,0,0,0,0,0,0,0,0,0,0,0,0,0,0,0,0,0,0,0,0,0,0,0,0,0,0,0,0,0,0,0,0,0,0,0,0,0,0,0,0,0,0,0,0,0,0,0,0,0
8377854474338cf60b17f3172f6e33e4,Eukaryota,Chordata,Actinopteri,Gadiformes,Gadidae,Pollachius,Pollachius virens,CACCGCGGTTATACGAGAGGCTCAAATTGATGAAAAACGGCGTAAAGCGTGGTTAAGAAAATAAGAGGAAATACGGCCGAACAACTTCAAAGCAGTTATACGCATCCGAAGTCACGAAGAACAATCACGAAAGTTGCCCTAAAATCTCCGATTCCACGAAAGCCATAAAA,12,0,0,0,0,0,0,0,0,0,0,0,203,0,0,76,0,0,12,0,0,0,0,191,0,0,0,0,0,0,0,168,265,0,0,0,0,0,0,0,0,0,0,0,0,0,0,0,888,0,0,0,0,0,0,0,0,0,0,0,0,0,0,0,0,0,0,0,0,0,290,0,0,0,0,0,0,0,0,0,0,0,0,0,0,0,0,0,0,0,0,0,0,0,0,0,0,0,0,0,0,0,0,0,0,0,0,0,0,0,0,0,0,0,0,0,0,0,0,0,0,0,0,0,0,0,0,0,0,0,0,0,0,0,0,0,0,0,0,0,0,0,0,0,0,0,0,0,0,0,0,0,0,0,0,0,0,0,0,0,0,0,0,0,0,0,0,0,0,0,0,0,0,0,0,0,0,0,0,0,0,0,0,0,0,0,0,0,0,0,0,5006,0,0,0,0,0,0,0,0,0,0,0,0,50613,0,2672,0,0,0,0,0,0,13877,0,0,0,0,0,0,0
852e37ecfa2b3985d66117af128b8063,Eukaryota,Chordata,Actinopteri,Clupeiformes,Clupeidae,Clupea,Clupea harengus,CACCGCGGTTATACGAGAGACCCTAGTTGATATATTCGGCGTAAAGAGTGGTTATGGAAAACAAGCACTAAAGCCAAAGAGCCCTCAGGCCGTTATACGCACCCGGGGCCTCGAACCACTATCACGAAAGTAGCTTTACCCTCGCCCACCAGAACCCACGAGAGCTGGGACA,50,0,0,0,0,0,0,0,0,0,347,0,1376,0,5246,77,0,0,0,193,1398,551,0,262,0,0,438,0,0,0,0,1196,427,2165,197,0,0,0,0,0,0,0,0,0,0,0,1909,2909,0,0,0,0,0,0,0,0,1775,78,263,0,0,2084,0,0,0,477,0,0,0,0,0,0,28,0,0,4765,2101,94,580,0,0,0,0,0,0,136,723,0,1556,413,0,413,0,0,320,0,0,0,826,808,0,0,0,0,1416,0,0,0,157,0,0,0,0,0,0,0,0,0,0,0,0,0,0,0,0,0,0,0,0,0,0,0,495,0,0,0,0,0,0,0,0,14971,6475,11251,0,0,0,0,0,0,0,0,0,0,0,0,0,0,0,0,0,0,0,0,924,0,4776,1852,0,2132,807,0,0,2551,0,2027,930,0,0,2887,0,0,0,0,0,0,0,16252,0,0,0,0,0,0,0,0,0,0,0,17534,0,0,0,0,0,0,0,0,0,0,0,0,0,0,0,0,0,0,0,0,0
85a83a5fc6b145a841bb9fc55a123406,Eukaryota,Chordata,Actinopteri,Myctophiformes,Myctophidae,Lampanyctodes,Lampanyctodes hectoris,GGTAAAACTCGTGCCAGCCACTGAGGTCATATGATTAACCCAAATCAATAGTACCCAACACGTTTATGATTATGTCTAACTAAAGCTAAACTGTAAGCCATAAAACAAACTGGGATTAGATACCCCAC,2,0,0,0,0,0,0,0,0,0,0,0,0,0,0,0,0,0,0,0,0,0,0,0,0,0,0,0,0,0,0,0,0,0,0,0,0,0,0,0,0,0,0,0,0,0,0,0,0,0,0,0,0,0,0,0,0,0,0,0,0,0,0,0,0,0,0,0,0,0,0,0,0,0,0,0,0,0,0,0,0,0,0,0,0,0,0,0,0,0,0,0,0,0,0,0,0,0,0,0,0,0,0,0,0,0,0,0,0,0,0,0,0,0,0,0,0,0,0,0,0,0,0,0,0,0,0,0,0,0,0,0,0,0,0,0,0,0,0,0,0,0,0,0,0,0,0,0,0,0,0,0,0,0,0,0,0,0,0,0,0,0,0,0,0,0,0,0,0,0,0,0,0,0,0,0,0,0,0,0,0,0,0,0,0,0,0,0,0,0,0,0,0,0,0,0,0,2,0,0,0,0,0,0,0,0,0,0,0,0,0,0,2,0,0,0,0,0,0,0,0
8634d5930181294291c02fb9900eb0e0,Eukaryota,Chordata,Actinopteri,Perciformes,Liparidae,Liparis,Liparis ochotensis,CACCGCGGTTATACGAGAGGCCCAAGTTGAAAGACACGGCGTAAAGCGTGGTTAAGCTAAAATTTAAATTAAAGTTAAACATCTTCAAGACTGTTATACGTATCCGGAGACAGGAACCTCAATTACGAAAGTAACTTTATATAAGCTGAATCCACGAAAGCTATAGCA,1,0,0,0,0,0,0,0,0,0,0,0,0,0,0,0,0,0,0,0,0,0,0,0,0,0,0,0,0,0,0,0,334,0,0,0,0,0,0,0,0,0,0,0,0,0,0,0,0,0,0,0,0,0,0,0,0,0,0,0,0,0,0,0,0,0,0,0,0,0,0,0,0,0,0,0,0,0,0,0,0,0,0,0,0,0,0,0,0,0,0,0,0,0,0,0,0,0,0,0,0,0,0,0,0,0,0,0,0,0,0,0,0,0,0,0,0,0,0,0,0,0,0,0,0,0,0,0,0,0,0,0,0,0,0,0,0,0,0,0,0,0,0,0,0,0,0,0,0,0,0,0,0,0,0,0,0,0,0,0,0,0,0,0,0,0,0,0,0,0,0,0,0,0,0,0,0,0,0,0,0,0,0,0,0,0,0,0,0,0,0,0,0,0,0,0,0,0,0,0,0,0,0,0,0,0,0,0,0,0,0,0,0,0,0,0,0,0,0,0,0
86cf7adc6e5d05e04c179c3e6028cb5f,Eukaryota,Chordata,Actinopteri,Pleuronectiformes,Pleuronectidae,Hippoglossus,NA,CACCGCGGTTATACGAGAGGCCCAAGTTGACAAACAACGGCGTAAAGAGTGGTTAGGGGATTTACTAAACTAGAGCCGAACGCTTTCAAAGCTGTTATACGCACCCGAAAGTATGAAACCCAATTACGAAAGTAGCTCTACTCATCCTGAACCCACGAAAGCTAAGAAA,2,0,0,0,0,0,0,0,0,0,0,0,0,0,0,17,0,0,0,0,0,0,0,0,0,0,0,0,0,0,0,273,0,0,0,0,0,0,0,0,0,0,0,0,0,0,0,0,0,0,0,0,0,0,0,0,0,0,0,0,0,0,0,0,0,0,0,0,0,0,0,0,0,0,0,0,0,0,0,0,0,0,0,0,0,0,0,0,0,0,0,0,0,0,0,0,0,0,0,0,0,0,0,0,0,0,0,0,0,0,0,0,0,0,0,0,0,0,0,0,0,0,0,0,0,0,0,0,0,0,0,0,0,0,0,0,0,0,0,0,0,0,0,0,0,0,0,0,0,0,0,0,0,0,0,0,0,0,0,0,0,0,0,0,0,0,0,0,0,0,0,0,0,0,0,0,0,0,0,0,0,0,0,0,0,0,0,0,0,0,0,0,0,0,0,0,0,0,0,0,0,0,0,0,0,0,0,0,0,0,0,0,0,0,0,0,0,0,0,0,0
90daa932bb3ab4bdfd85b852ed4d7a48,Eukaryota,Chordata,Actinopteri,Cypriniformes,Cyprinidae,Carassius,Carassius carassius,CACCGCGGTTAGACGAGAGGCCCTAGTTGATATTATAACGGCGTAAAGGGTGGTTAAGGATAAATAAAAATAAAGTCAAATGGCCCCTTGGCCGTCATACGCTTCTAGGCGTCCGAAGCCCTAATACGAAAGTAACTTTAATGAACCCACCTGACCCCACGAAAGCTGAGGAA,1,0,0,0,0,0,0,0,0,0,0,0,0,0,0,0,339,0,0,0,0,0,0,0,0,0,0,0,0,0,0,0,0,0,0,0,0,0,0,0,0,0,0,0,0,0,0,0,0,0,0,0,0,0,0,0,0,0,0,0,0,0,0,0,0,0,0,0,0,0,0,0,0,0,0,0,0,0,0,0,0,0,0,0,0,0,0,0,0,0,0,0,0,0,0,0,0,0,0,0,0,0,0,0,0,0,0,0,0,0,0,0,0,0,0,0,0,0,0,0,0,0,0,0,0,0,0,0,0,0,0,0,0,0,0,0,0,0,0,0,0,0,0,0,0,0,0,0,0,0,0,0,0,0,0,0,0,0,0,0,0,0,0,0,0,0,0,0,0,0,0,0,0,0,0,0,0,0,0,0,0,0,0,0,0,0,0,0,0,0,0,0,0,0,0,0,0,0,0,0,0,0,0,0,0,0,0,0,0,0,0,0,0,0,0,0,0,0,0,0,0
94af09b181c99aa20dce1fe86691e178,Eukaryota,Chordata,Chondrichthyes,Rajiformes,Rajidae,Leucoraja,Leucoraja erinacea,CACCGCGGTTATACGAGTAACTCACATTAATACTTCACGGCGTAAAGGGTGATTAAAAGTTTCTAAAAAGTACTAAAGTTATAACCTTATAAAGCTGTCATACGCACCTATAAAAGGAATAATACACTGACGAAAGTAACTCTAACCAGATAGAGCTTTTGACCTCACGACAGTTAAGACA,1,0,0,0,0,0,0,0,0,0,0,0,0,0,0,0,0,0,0,0,0,0,0,0,0,0,0,0,0,0,0,0,0,0,0,0,0,0,0,0,0,0,0,0,0,0,0,0,0,0,0,0,0,0,0,0,0,0,0,0,0,0,0,0,0,0,0,0,0,0,0,0,0,0,0,0,0,0,0,0,0,0,0,0,0,0,0,0,0,0,0,0,0,0,0,0,0,0,0,0,0,0,0,0,0,0,0,0,0,0,0,0,0,0,0,0,0,0,0,0,0,0,0,0,0,0,0,0,0,0,0,0,0,0,0,0,0,0,0,0,0,0,0,0,0,0,0,0,0,0,0,0,0,0,0,0,0,0,0,0,0,0,0,0,0,0,0,0,0,0,0,0,0,0,0,0,0,0,0,0,0,0,0,0,0,0,0,558,0,0,0,0,0,0,0,0,0,0,0,0,0,0,0,0,0,0,0,0,0,0,0,0,0,0,0,0,0,0,0,0,0
a0c42d2af9c0d45fdee4baddcdaffbdd,Eukaryota,Chordata,Actinopteri,Perciformes,Cottidae,Myoxocephalus,Myoxocephalus quadricornis,CACCGCGGTTATACGAGAGGCCCAAGTTGACAAACACCGGCGTAAAGCGTGGTTAAGTAAAAACTCACACTAAAGCCAAACATCTTCCAGGCTGTTATACGCAACCGAAGACAGGAAGTTCAACCACGAAAGTGGCTTTATCTAATCTGAGCCCACGAAAGCTAAGGAA,14,0,0,0,0,0,0,0,0,366,0,0,0,0,0,16,0,0,0,0,0,0,0,0,0,0,0,0,0,0,0,646,418,0,0,0,0,0,0,0,0,0,0,0,0,0,0,0,0,0,0,0,0,0,0,0,0,0,0,0,0,0,0,0,0,0,0,0,0,0,0,0,0,0,0,0,0,0,0,0,0,0,0,0,0,0,0,0,0,0,0,0,0,0,0,0,0,0,370,0,0,0,0,0,1126,0,0,0,0,0,0,0,0,0,0,0,0,0,0,0,0,0,0,0,0,0,0,0,2944,0,0,0,280,0,0,0,0,0,0,0,0,0,0,0,0,0,0,0,0,0,0,0,0,0,0,0,0,0,0,0,0,0,0,0,0,0,6604,0,4215,0,0,0,0,0,0,0,0,0,0,222,0,0,0,0,0,0,0,0,0,0,0,0,0,0,53780,0,0,0,0,0,0,76190,0,0,0,24940,0,0,0,0,0,0,0,0,0,0,0,0,0,0,0
a20c47626ebdebb8ba87a6258ebc9856,Eukaryota,Chordata,Actinopteri,Siluriformes,Ictaluridae,Ameiurus,Ameiurus nebulosus,CACCGCGGTTATACGAAAGGCCCTAGTTGCTAGCCACGGCGTAAAGGGTGGTTAAGGACAACAACAAATAAAGCTAAAGATCCCCTAAGCCGTCATACGCATTCCGGGGGCACGAAGCCCTAACACGAAAGTAGCTTTAAAAAATATACCTGACCCCACGAAAGCTAAGAAA,2,0,0,0,0,0,0,0,0,0,0,0,0,0,0,0,0,0,0,0,0,0,0,0,0,0,0,0,0,0,0,0,0,0,0,0,0,0,0,0,0,0,0,0,0,0,0,0,0,0,0,0,0,0,0,0,0,0,0,0,0,0,0,0,0,0,0,0,0,0,0,0,0,0,0,0,0,0,0,0,0,0,0,0,0,0,0,0,0,0,0,0,0,0,0,0,0,0,0,0,0,0,0,0,0,0,0,0,0,0,0,0,0,0,0,0,0,0,0,0,0,0,0,0,0,0,0,0,0,0,0,0,0,0,0,0,0,0,0,0,0,0,0,0,0,0,0,0,0,0,0,0,0,0,0,0,0,0,0,0,0,0,0,0,0,0,0,20,0,0,14,0,0,0,0,0,0,0,0,0,0,0,0,0,0,0,0,0,0,0,0,0,0,0,0,0,0,0,0,0,0,0,0,0,0,0,0,0,0,0,0,0,0,0,0,0,0,0,0,0,0
b0a7229ac116e055f5a3dbff1dd9eaa4,Eukaryota,Chordata,Actinopteri,Centrarchiformes,Centrarchidae,Lepomis,Lepomis gibbosus,CACCGCGGTTATACGAGAGGCTCAAGTTGATAAACCCCGGCGTAAAGAGTGGTTAAGGAAGATTAAAAACTAAAGCCGAATGCTTTCAAAGCTGTTATACGCTTCCGAGAGTAAGAAGATCAACTACGAAAGTGACTTTATAGCCCCTGACCCCACGAAAGCTATGGCA,5,0,0,0,0,0,0,0,0,0,0,0,0,0,0,0,0,0,0,0,0,0,0,0,0,0,0,0,0,0,0,0,0,0,0,0,0,0,0,0,0,0,0,0,0,0,0,0,0,58,0,0,0,0,0,0,0,0,0,0,0,0,0,0,0,0,0,0,0,0,0,0,0,0,0,0,0,0,0,0,0,0,0,0,0,0,0,0,0,0,0,0,134,0,0,0,0,0,0,0,0,0,0,0,0,0,0,0,0,0,0,0,0,0,0,0,0,0,0,0,0,0,0,0,0,0,0,0,0,0,0,0,0,0,0,0,0,0,0,0,0,0,0,0,0,0,0,0,0,0,0,0,0,0,0,597,0,0,558,0,0,0,0,641,0,0,0,0,0,0,0,0,0,0,0,0,0,0,0,0,0,0,0,0,0,0,0,0,0,0,0,0,0,0,0,0,0,0,0,0,0,0,0,0,0,0,0,0,0,0,0,0,0,0,0,0,0,0,0,0,0
b1f1df8f6acfc3f4cc878f114185e853,Eukaryota,Chordata,Actinopteri,Cypriniformes,Catostomidae,Catostomus,Catostomus commersonii,CACCGCGGTTATACGAGAGGCCCTAGTTGATAAGCACGGCGTAAAGGGTGGTTAAGGGAGTACATAAATAAAGCCGAAGGGCCCTCTGGCCGTTATACGCTTCTAGGCGCCCGAAGCCCAAACACGAAAGTAGCTTTAATTTAGCCCACCTGACCCCACGAAAACTGAGAAA,2,0,0,0,0,0,0,0,0,0,0,0,0,0,0,0,0,0,0,0,0,0,0,0,0,0,0,0,0,0,0,0,0,0,0,0,0,0,0,0,0,0,0,0,0,0,0,0,0,0,0,0,0,0,0,0,0,0,0,0,0,0,0,0,0,0,0,0,0,0,0,0,0,0,0,0,0,0,0,0,0,0,0,0,0,0,0,0,326,0,0,0,0,0,0,0,0,0,0,0,0,0,0,0,0,0,0,0,0,0,0,0,0,0,0,0,0,0,0,0,0,0,0,0,0,0,0,0,0,0,0,0,0,0,0,0,0,0,0,0,0,0,0,0,0,0,0,0,0,0,0,0,0,0,82,0,0,0,0,0,0,0,0,0,0,0,0,0,0,0,0,0,0,0,0,0,0,0,0,0,0,0,0,0,0,0,0,0,0,0,0,0,0,0,0,0,0,0,0,0,0,0,0,0,0,0,0,0,0,0,0,0,0,0,0,0,0,0,0,0,0
b488a799cb78c275db3b62e0fa04e354,Eukaryota,Chordata,Actinopteri,Perciformes,Gasterosteidae,Gasterosteus,Gasterosteus aculeatus,CACCGCGGTTATACGAGAGGCCCAAGTTGATGAATTACGGCGTAAAGAGTGGTTAAGCTAAAATTAAAACTAAAGCCGAACACCCCCAAAGCTGTTATACGCATCCGGAGGTGAGAAGTTCAACCACGAAGGTGGCTTTATCTAACCTGAACCCACGAAAGCTACGGCA,3,0,0,0,0,0,0,0,0,0,0,0,0,0,0,0,0,0,0,0,0,0,0,0,0,0,0,0,0,0,0,0,0,0,0,0,0,0,0,0,0,0,0,0,0,0,0,0,0,0,0,0,0,0,0,0,0,0,0,0,0,0,0,0,0,0,0,0,0,0,0,0,0,0,0,0,0,0,0,0,0,0,0,0,0,0,0,0,0,0,0,0,0,0,0,0,0,0,0,0,0,0,5987,0,0,0,0,0,0,0,0,0,0,0,0,0,0,403,109,0,0,0,0,0,0,0,0,0,0,0,0,0,0,0,0,0,0,0,0,0,0,0,0,0,0,0,0,0,0,0,0,0,0,0,0,0,0,0,0,0,0,0,0,0,0,0,0,0,0,0,0,0,0,0,0,0,0,0,0,0,0,0,0,0,0,0,0,0,0,0,0,0,0,0,0,0,0,0,0,0,0,0,0,0,0,0,0,0,0,0,0,0,0,0,0,0,0,0,0,0,0
b6b06201127e1b17938672993166646b,Eukaryota,Chordata,Actinopteri,Clupeiformes,Clupeidae,Alosa,Alosa mediocris,CACCGCGGTTATACGAGAGGCCCTAGTTGATTTACTCGGCGTAAAGAGTGGTTATGGAGAATGAAACACTAAAGCCGAAGACCCCTTAGGCCGTCATACGCACCTAGGGGCTCGAATTATAAACACGAAAGTAGCTTTACCCCTTCCCACCAGAACCCACGACAGCTGGGACA,1,0,0,0,0,0,0,0,0,0,0,0,0,0,0,0,0,0,0,0,0,0,0,0,0,0,0,0,0,0,0,0,0,0,0,0,0,0,0,0,0,0,0,0,0,0,0,0,0,0,0,0,0,0,0,0,0,0,0,0,0,0,0,0,0,0,0,0,0,0,0,0,0,0,0,0,0,0,0,0,0,0,0,0,0,0,0,0,0,0,0,0,0,0,0,0,0,0,0,0,0,0,0,0,0,0,0,0,0,0,0,0,0,0,0,0,0,0,0,0,0,0,0,0,0,0,0,0,0,0,0,0,0,0,0,0,0,0,0,0,0,0,0,0,0,0,0,0,0,0,0,0,0,0,0,0,0,0,0,0,0,0,0,0,0,0,0,700,0,0,0,0,0,0,0,0,0,0,0,0,0,0,0,0,0,0,0,0,0,0,0,0,0,0,0,0,0,0,0,0,0,0,0,0,0,0,0,0,0,0,0,0,0,0,0,0,0,0,0,0,0
b7f61135eb2f9a863292c706ddb7e245,Eukaryota,Chordata,Actinopteri,Perciformes,Sebastidae,Sebastes,Sebastes fasciatus,CACCGCGGCTATACGAGAGACCCAAGTTGATACCATCCGGCGTAAAGAGTGGTTATGGAAAATAAAGACTAAAGCCGTACACCTTCAAAGCTGTTATACGCATCCGAAGGCTAGAAGATCAACCACGAAGGTAGCTTTACAACCCCTGACCCCACGAAAGCTCTGGCA,10,0,0,0,0,0,0,0,0,0,214,0,0,0,0,0,954,0,1226,0,0,0,0,0,0,0,1133,0,0,0,0,0,0,0,0,0,0,0,0,0,0,0,0,0,0,0,2291,0,0,0,0,0,0,0,944,0,0,0,0,0,0,0,0,0,0,0,0,0,803,0,0,0,0,0,0,5516,0,0,0,0,0,0,0,0,0,0,0,0,0,0,0,0,0,0,0,0,0,0,0,0,0,0,0,0,0,0,0,0,0,0,0,0,0,0,0,0,0,0,0,0,0,0,0,0,0,0,0,0,0,0,0,0,0,0,3358,0,0,0,0,0,0,0,0,4944,0,0,0,0,0,0,0,0,0,0,0,0,0,0,0,0,0,0,0,0,0,0,0,0,0,0,0,0,0,0,0,0,0,0,0,0,0,0,0,0,0,0,0,0,0,0,0,0,0,0,0,0,0,0,0,0,0,0,0,0,0,0,0,0,0,0,0,0,0,0,0,0,0,0,0,0,0
ba09e099ae05dbdceb4837ba3c2c0484,Eukaryota,Chordata,Actinopteri,Perciformes,Cottidae,Myoxocephalus,Myoxocephalus polyacanthocephalus,CACCGCGGTTATACGAGAGGCCCAAGTTGACAAACACCGGCGTAAAGCGTGGTTAAGTAAAAACTTACACTAAAGCCAAACATCTTCCAGGCTGTTATACGCAACCGAAGACAGGAAGTTCAACCACGAAAGTGGCTTTATCTAATCTGAACCCACGAAAGCTAAGGAA,1,0,0,0,0,0,0,0,0,0,0,0,0,0,0,0,0,0,0,0,0,0,410,0,0,0,0,0,0,0,0,0,0,0,0,0,0,0,0,0,0,0,0,0,0,0,0,0,0,0,0,0,0,0,0,0,0,0,0,0,0,0,0,0,0,0,0,0,0,0,0,0,0,0,0,0,0,0,0,0,0,0,0,0,0,0,0,0,0,0,0,0,0,0,0,0,0,0,0,0,0,0,0,0,0,0,0,0,0,0,0,0,0,0,0,0,0,0,0,0,0,0,0,0,0,0,0,0,0,0,0,0,0,0,0,0,0,0,0,0,0,0,0,0,0,0,0,0,0,0,0,0,0,0,0,0,0,0,0,0,0,0,0,0,0,0,0,0,0,0,0,0,0,0,0,0,0,0,0,0,0,0,0,0,0,0,0,0,0,0,0,0,0,0,0,0,0,0,0,0,0,0,0,0,0,0,0,0,0,0,0,0,0,0,0,0,0,0,0,0,0
bab5d3f62a82b1c23c03f3433dc23049,Eukaryota,Chordata,Actinopteri,Perciformes,Cyclopteridae,Cyclopterus,Cyclopterus lumpus,CACCGCGGTTATACGAGAGGCCCAAGTTGACAGACACCGGCGTAAAGAGTGGTTAAGCTAAAACTTAAACTAAAGCCAAACATCTTCAAGACTGTTATACGTACCCGAAGACAGGAAACTCAACCACGAAAGTAGCTTTATTTAATCTGACCCCACGAAAGCTACGGTA,1,0,0,0,0,0,0,0,0,0,0,0,0,0,0,0,0,0,0,0,0,0,0,0,0,0,0,0,0,0,0,0,101,0,0,0,0,0,0,0,0,0,0,0,0,0,0,0,0,0,0,0,0,0,0,0,0,0,0,0,0,0,0,0,0,0,0,0,0,0,0,0,0,0,0,0,0,0,0,0,0,0,0,0,0,0,0,0,0,0,0,0,0,0,0,0,0,0,0,0,0,0,0,0,0,0,0,0,0,0,0,0,0,0,0,0,0,0,0,0,0,0,0,0,0,0,0,0,0,0,0,0,0,0,0,0,0,0,0,0,0,0,0,0,0,0,0,0,0,0,0,0,0,0,0,0,0,0,0,0,0,0,0,0,0,0,0,0,0,0,0,0,0,0,0,0,0,0,0,0,0,0,0,0,0,0,0,0,0,0,0,0,0,0,0,0,0,0,0,0,0,0,0,0,0,0,0,0,0,0,0,0,0,0,0,0,0,0,0,0,0
c61e123630bbd02662356ad39ef118b1,Eukaryota,Chordata,Actinopteri,Pleuronectiformes,Pleuronectidae,Glyptocephalus,Glyptocephalus cynoglossus,CACCGCGGTTATACGAGAGGCCCAAGTTGACAAACAACGGCGTAAAGAGTGGTTAGGGGATTTACTAAACTAGAGCCGAACGCTTTCAAAGCTGTTATACGCACCCGAGAGTATGAAACCCAATTACGAAAGTAGCTCTACCTGTCCTGAACCCACGAAAGCTAAGAAA,1,0,0,0,0,0,0,0,0,0,0,0,0,0,0,0,188,0,0,0,0,0,0,0,0,0,0,0,0,0,0,0,0,0,0,0,0,0,0,0,0,0,0,0,0,0,0,0,0,0,0,0,0,0,0,0,0,0,0,0,0,0,0,0,0,0,0,0,0,0,0,0,0,0,0,0,0,0,0,0,0,0,0,0,0,0,0,0,0,0,0,0,0,0,0,0,0,0,0,0,0,0,0,0,0,0,0,0,0,0,0,0,0,0,0,0,0,0,0,0,0,0,0,0,0,0,0,0,0,0,0,0,0,0,0,0,0,0,0,0,0,0,0,0,0,0,0,0,0,0,0,0,0,0,0,0,0,0,0,0,0,0,0,0,0,0,0,0,0,0,0,0,0,0,0,0,0,0,0,0,0,0,0,0,0,0,0,0,0,0,0,0,0,0,0,0,0,0,0,0,0,0,0,0,0,0,0,0,0,0,0,0,0,0,0,0,0,0,0,0,0
c6900766037d0e532f08504c99184974,Eukaryota,Chordata,Actinopteri,Gadiformes,Gadidae,Eleginus,Eleginus gracilis,CACCGCGGTTATACGAGAGGCCCAAATTGATGAAAAACGGCGTAAAGCGTGGTTAAGAAAATAGGAGAAAATATGGCCGAACAGCTTCAAAGCAGTTATACGCATTCGAAGCCACGAAGAACAACCACGAAAGTTGCCCTAAGACCTCTGATTCCACGAAAGCCATAAAA,13,0,0,0,0,0,0,0,0,0,0,0,0,0,0,0,0,0,0,0,0,0,0,0,0,0,0,0,0,0,0,0,0,0,0,0,0,0,0,0,0,0,0,0,0,0,0,0,0,0,0,0,0,0,0,0,0,0,0,0,0,0,0,0,0,0,0,0,0,0,0,0,0,0,0,0,0,0,0,0,0,0,0,0,0,65,0,0,0,93,0,0,211,0,0,191,0,0,0,815,0,0,0,0,0,0,0,0,0,0,0,0,0,0,0,0,0,0,0,0,0,0,0,0,0,0,0,0,0,0,0,0,0,0,0,0,0,0,0,0,0,0,0,0,0,0,0,0,0,0,0,0,0,0,0,43,0,288,0,0,238,102,0,203,0,0,0,0,474,422,0,0,1316,0,0,0,0,0,0,0,0,0,0,0,0,0,0,0,0,0,0,0,0,0,0,0,0,0,0,0,0,0,0,0,0,0,0,0,0,0,0,0,0,0,0,0,0,0,0,0,0
ccca2279ca02310032bb7ecfb17a1fce,Eukaryota,Chordata,Actinopteri,Pleuronectiformes,Pleuronectidae,Platichthys,Platichthys stellatus,CACCGCGGTTATACGAGAGGCCCAAGTTGACAAACAACGGCGTAAAGAGTGGTTAGGGGATTTACTAAACTAGAGCCGAACGCTTTCAAAGCTGTTATACGCACCCGAAAGTATGAAACCCAATTACGAAACTAGCTCTACCTACCCTGAACCCACGAAAGCTAAGGAA,1,0,0,0,0,0,0,0,0,0,0,0,0,0,0,0,0,0,0,0,0,0,0,0,0,0,0,0,0,0,0,0,0,0,0,0,0,0,0,0,0,0,0,0,0,0,0,0,0,0,0,0,0,0,0,0,0,0,0,0,0,0,0,0,0,0,0,0,0,0,0,0,0,0,0,0,0,0,0,0,0,0,0,0,0,0,0,0,0,0,0,0,0,0,0,0,0,0,0,0,0,0,0,0,0,0,0,0,0,0,0,0,0,0,0,0,0,0,0,0,0,0,0,0,0,0,0,0,0,0,0,0,0,0,0,0,0,0,0,0,0,0,59,0,0,0,0,0,0,0,0,0,0,0,0,0,0,0,0,0,0,0,0,0,0,0,0,0,0,0,0,0,0,0,0,0,0,0,0,0,0,0,0,0,0,0,0,0,0,0,0,0,0,0,0,0,0,0,0,0,0,0,0,0,0,0,0,0,0,0,0,0,0,0,0,0,0,0,0,0,0
d0306539e5d0fde55ba3eb7ca94bdfa3,Eukaryota,Chordata,Actinopteri,Istiophoriformes,Xiphiidae,Xiphias,Xiphias gladius,CACCGCGGTTATACGAGAGGCCCAAGTTGACAGACAACGGCGTAAAGAGTGGTTAAGGAAACCAAAAAACTAAAGCCGAACGCTCTCAGAGCTGTTATACGCATCCGAAGGTATGAAGCCCAACTACGAAAGTGGCTTTACATCACCTGAACCCACGAAAGCTAAGAAA,1,0,0,0,0,0,0,0,0,0,0,0,0,0,0,22,0,0,0,0,0,0,0,0,0,0,0,0,0,0,0,0,0,0,0,0,0,0,0,0,0,0,0,0,0,0,0,0,0,0,0,0,0,0,0,0,0,0,0,0,0,0,0,0,0,0,0,0,0,0,0,0,0,0,0,0,0,0,0,0,0,0,0,0,0,0,0,0,0,0,0,0,0,0,0,0,0,0,0,0,0,0,0,0,0,0,0,0,0,0,0,0,0,0,0,0,0,0,0,0,0,0,0,0,0,0,0,0,0,0,0,0,0,0,0,0,0,0,0,0,0,0,0,0,0,0,0,0,0,0,0,0,0,0,0,0,0,0,0,0,0,0,0,0,0,0,0,0,0,0,0,0,0,0,0,0,0,0,0,0,0,0,0,0,0,0,0,0,0,0,0,0,0,0,0,0,0,0,0,0,0,0,0,0,0,0,0,0,0,0,0,0,0,0,0,0,0,0,0,0,0
d1b135fe56498536d4245e73c3714dcf,Eukaryota,Chordata,Actinopteri,Clupeiformes,Clupeidae,Brevoortia,Brevoortia patronus,CACCGCGGTTATACGAGAGGCCCTAGTTGATTCACTCGGCGTAAAGAGTGGTTATGGAGAACTAAATACTAAAGCCGAAGACCCCTTAGGCCGTCATACGCACCTAGGGGCTCGAATTATATACACGAAAGTAGCTTTACCCTTTCCCACCAGAACCCACGACAGCCGGGACA,50,0,0,0,0,0,0,0,3467,4279,4625,0,2520,0,0,118,584,610,6834,2800,2543,5844,2901,3258,0,0,0,0,914,0,8333,1315,4694,334,0,0,0,0,0,0,0,0,0,0,0,0,0,0,0,255,0,45,0,0,0,991,0,0,0,0,0,0,0,0,0,0,0,0,0,0,0,0,0,0,0,0,0,0,0,0,0,0,0,0,0,0,0,0,0,63,0,0,0,0,0,176,0,0,0,0,0,0,0,0,0,0,0,0,0,0,0,0,9349,0,18268,5673,8776,265,218,2176,9072,188,824,0,0,0,0,383,0,0,0,0,0,0,0,0,0,0,0,0,0,84,14636,0,0,0,0,0,0,0,0,0,0,0,0,0,0,0,0,0,3060,6156,12685,3659,5039,20045,165,0,0,0,0,0,0,536,0,0,0,0,0,7030,2667,0,95,100,0,0,0,0,0,0,87,0,8032,0,0,0,0,0,0,0,0,0,0,0,0,0,0,0,0,0,0,0,0,0,0,0,0,0,0,0,0
d8f1ae4e27f0d1abb83b9fe2fdc51c98,Eukaryota,Chordata,Actinopteri,Perciformes,Cottidae,Myoxocephalus,Myoxocephalus scorpius,CACCGCGGTTATACGAGAGGCCCAAGTTGACAAACACCGGCGTAAAGCGTGGTTAAGTAAAAACTCACACTAAAGCCAAACATCTTCCAGGCTGTTATACGCAACCGAAGACAGGAAGTTCAACCACGAAAGTGGCTTTATCTAGTCTGAACCCACGAAAGCTAAGGAA,8,0,0,0,0,0,0,0,789,158,0,0,0,0,0,0,0,0,0,159,0,439,74,0,0,0,0,0,0,0,0,0,0,0,0,0,0,0,0,0,0,0,0,0,0,0,0,0,0,0,0,0,0,0,0,0,0,0,0,0,0,0,0,0,0,0,0,0,0,0,0,0,0,0,0,0,0,0,0,0,0,0,0,0,0,0,0,0,0,0,0,0,0,0,0,0,0,0,0,0,0,0,0,0,0,0,0,0,0,0,0,0,0,0,0,0,0,0,0,0,0,0,0,0,0,0,0,0,3,0,0,0,0,0,0,0,0,0,0,0,0,0,0,0,0,0,0,0,0,0,0,0,0,0,0,0,0,0,0,0,0,0,0,0,0,0,0,0,10,0,0,0,0,0,0,0,0,0,0,926,0,0,0,0,0,0,0,0,0,0,0,0,0,0,0,0,0,0,0,0,0,0,0,0,0,0,0,0,0,0,0,0,0,0,0,0,0,0,0,0,0
dd0460c5533ceb2ffc1c7ddd02b84004,Eukaryota,Chordata,Actinopteri,Pleuronectiformes,Pleuronectidae,Atheresthes,Atheresthes evermanni,CACCGCGGTTATACGAGAGGCCCAAGTTGATTAAATGCGGCGTAAAGAGTGGTTATGAAAATTAAACAATAAGGTCGAATATCCTCAGAGCAGTTATACGCATCCGAGGTCACGAAGCACAGTCACGAAAGTAGCCCTACTATAATTCTGAACCCACGAAAACCATAGAA,1,0,0,0,0,0,0,0,0,0,0,0,0,0,0,0,0,0,0,0,0,0,0,0,0,0,0,0,0,0,0,0,0,0,0,0,0,0,0,0,0,0,0,0,0,0,0,0,0,0,0,0,0,0,0,0,0,0,0,0,0,0,0,0,0,0,0,0,0,0,0,0,0,0,0,0,0,0,0,0,0,0,0,0,0,0,0,0,0,0,0,0,0,0,0,0,0,0,0,0,0,0,0,0,0,0,0,0,0,0,0,0,0,0,0,0,130,0,0,0,0,0,0,0,0,0,0,0,0,0,0,0,0,0,0,0,0,0,0,0,0,0,0,0,0,0,0,0,0,0,0,0,0,0,0,0,0,0,0,0,0,0,0,0,0,0,0,0,0,0,0,0,0,0,0,0,0,0,0,0,0,0,0,0,0,0,0,0,0,0,0,0,0,0,0,0,0,0,0,0,0,0,0,0,0,0,0,0,0,0,0,0,0,0,0,0,0,0,0,0,0
e7a4e5e5f5b610b9c06344346b9aa64d,Eukaryota,Chordata,Actinopteri,Perciformes,Zoarcidae,Lycodes,Lycodes esmarkii,CACCGCGGTTATACGAGAGGCCCAAGTTGAAAGACCCTGGCGTAAAGAGTGGTTAAGCTAGAATTTACACTAAAGCCGAACATCCTCACGGCTGTTATACGCACCCGAAGATAAGAAGCCCAGCCACGAAGGTAGCTTTATTTAACTGAACCCACGAAAGCTACGGCA,2,0,0,0,0,0,0,0,0,0,0,0,0,0,0,0,0,0,0,0,0,0,0,0,0,0,0,0,0,0,0,0,0,0,0,0,0,0,0,0,0,0,0,0,0,0,0,0,0,5,0,0,0,0,0,0,0,0,0,0,0,0,0,0,0,0,0,0,0,0,0,0,0,0,0,0,0,0,0,0,0,0,0,0,0,0,0,0,0,0,0,0,0,0,0,0,0,0,0,0,0,0,0,0,0,0,0,0,0,0,0,0,0,0,0,0,0,0,0,0,0,0,0,0,0,0,0,0,0,0,0,0,0,0,5,0,0,0,0,0,0,0,0,0,0,0,0,0,0,0,0,0,0,0,0,0,0,0,0,0,0,0,0,0,0,0,0,0,0,0,0,0,0,0,0,0,0,0,0,0,0,0,0,0,0,0,0,0,0,0,0,0,0,0,0,0,0,0,0,0,0,0,0,0,0,0,0,0,0,0,0,0,0,0,0,0,0,0,0,0,0
e87ae650f1c4c266ba5027f5850135f8,Eukaryota,Chordata,Actinopteri,Gadiformes,Gadidae,Melanogrammus,Melanogrammus aeglefinus,CACCGCGGTTATACGAGAGGCTCAAATTGATGAAAAACGGCGTAAAGCGTGGTTAAGAAAACAAGAGAAAATATGGCCGAACAGCTTCAAAGCAGTTATACGCATCCGAAGTCACGAAGAACAATCACGAAAGTTGCCTTAAAACCTCTGATTCCACGAAAGCCATAAAA,2,0,0,0,0,0,0,0,0,0,0,0,0,0,0,0,0,0,0,0,0,0,0,0,0,0,0,0,0,0,0,0,0,0,0,0,0,0,0,0,0,0,0,0,0,0,0,0,0,0,0,0,0,0,0,0,0,0,0,0,0,0,0,0,0,0,0,0,0,0,0,0,0,0,0,0,0,0,0,0,0,0,0,0,0,0,0,0,0,0,0,0,0,0,0,0,0,0,0,0,0,0,0,0,0,0,0,0,0,0,11,0,0,0,0,0,0,0,0,0,0,0,0,0,0,0,0,0,0,0,0,0,0,0,0,0,0,0,0,0,0,0,0,0,0,0,0,0,0,0,0,0,0,0,0,0,0,0,0,0,0,0,0,0,0,0,0,0,0,711,0,0,0,0,0,0,0,0,0,0,0,0,0,0,0,0,0,0,0,0,0,0,0,0,0,0,0,0,0,0,0,0,0,0,0,0,0,0,0,0,0,0,0,0,0,0,0,0,0,0,0
e9558ffc1ac3db70f98888f95e40c901,Eukaryota,Chordata,Actinopteri,Labriformes,Labridae,Pictilabrus,Pictilabrus laticlavius,TCGTGCCAGCCACCGCGGTCACACAAGAGACCCAAACTAACAGTAGCCGGCGTAAAGAGTGGTAATATGTTATCCAACCAAATTAAGACCCAAACTGGGATTAGATACCC,2,0,0,0,0,0,0,0,0,0,0,0,0,0,0,0,0,0,0,0,0,0,0,0,0,0,0,0,0,0,0,0,0,0,0,0,0,0,0,0,0,0,0,0,0,0,0,0,0,0,0,0,0,0,0,0,0,0,0,0,0,0,0,0,0,0,0,0,0,0,0,0,0,0,0,0,0,0,0,0,0,0,0,0,0,0,0,0,0,0,0,0,0,0,0,0,0,0,0,0,0,0,0,0,0,0,0,0,0,0,0,0,0,0,0,0,0,0,0,0,0,0,0,0,0,0,0,0,0,0,0,0,0,0,0,0,0,0,0,0,0,0,0,0,0,0,0,0,0,15,0,0,0,5,0,0,0,0,0,0,0,0,0,0,0,0,0,0,0,0,0,0,0,0,0,0,0,0,0,0,0,0,0,0,0,0,0,0,0,0,0,0,0,0,0,0,0,0,0,0,0,0,0,0,0,0,0,0,0,0,0,0,0,0,0,0,0,0,0,0,0
efd9f0e7ca8e0b61f817b4068e9c18c6,Eukaryota,Chordata,Actinopteri,Salmoniformes,Salmonidae,Salvelinus,Salvelinus curilus,CACCGCGGTTATACGAGAGGCCCTAGTTGATAACTACCGGCGTAAAGAGTGGTTACGGAAAAATGTTTAATAAAGCCGAACACCCCCTCAGCCGTCATACGCACCTGGGGGCACGAAGACCTACTGCGAAAGCAGCTTTAATTGTACCCGAACCCACGACAGCTACGACA,1,0,0,0,0,0,0,0,0,0,0,0,0,0,0,0,0,0,0,0,0,0,0,0,0,0,0,0,0,0,0,0,0,0,0,0,0,0,0,0,0,0,0,0,0,0,0,0,0,0,0,0,0,0,0,0,0,0,0,0,0,0,0,0,0,0,0,0,0,0,0,0,0,0,0,0,0,0,0,0,0,0,0,0,0,0,0,0,0,0,0,0,0,0,0,0,0,0,0,0,0,0,0,0,0,0,0,0,0,0,0,0,0,0,0,0,0,0,0,0,0,0,0,0,0,0,0,0,0,0,0,0,0,0,0,0,0,0,0,0,0,0,0,0,0,0,0,0,0,0,0,0,0,0,0,0,0,0,0,0,0,0,0,0,0,0,0,0,0,0,0,0,0,0,0,0,0,0,0,0,0,0,0,0,0,0,0,0,0,0,0,0,0,0,0,118667,0,0,0,0,0,0,0,0,0,0,0,0,0,0,0,0,0,0,0,0,0,0,0,0,0
f62291986e00e2fbad38d6d0349f29ce,Eukaryota,Chordata,Actinopteri,Scombriformes,Pomatomidae,Pomatomus,Pomatomus saltatrix,CACCGCGGTTATACGAGAGGCCCAAGTTGATTAAATGCGGCGTAAAGAGTGGTTATGAAAATTAAACAATAAGGTCGAATATCCTCAGAGCAGTTATACGCATCCGAGGTCACGAAGCACAGTCACGAAAGTAGCCCTACTATAATTCTGACCCCACGAAAACCATAGAA,30,0,0,0,0,0,0,0,0,0,0,0,0,0,0,0,0,0,0,0,0,0,0,0,0,0,0,0,0,0,0,160,0,0,0,0,0,0,0,0,0,0,0,0,0,0,0,0,0,0,0,0,0,0,0,0,0,0,0,0,0,0,0,0,0,0,0,0,0,0,0,0,0,0,0,0,0,0,0,0,0,0,0,0,0,0,0,0,0,0,0,0,114,0,0,0,0,0,0,0,284,0,769,0,0,0,0,0,0,5,0,0,24642,0,3756,4501,3342,491,2947,0,5419,1107,240,248,2,218,0,0,837,0,0,356,0,0,0,719,0,943,0,0,0,0,0,0,0,0,0,0,0,0,0,0,0,0,0,0,0,0,0,0,0,0,0,0,0,0,0,0,0,0,0,0,0,0,0,0,0,0,95298,176260,139723,0,0,0,0,0,0,0,0,0,0,0,1285,0,0,0,0,0,0,14402,0,71615,0,0,9577,0,5463,0,20610,0,0,0,0,0,0,0,0,0,0,0,0
fc4aa16810635452d278a21b350bbc5a,Eukaryota,Chordata,Actinopteri,Salmoniformes,Salmonidae,Salmo,Salmo salar,CACCGCGGTTATACGAGAGGCCCTAGTTGATAACTACCGGCGTAAAGAGTGGTTACGGAAAAATATTTAATAAAGCCGAACACCCCCTCAGCCGTCATACGCACCTGGGGGCACGAAGATCTACTACGAAAGCAGCTTTAATTATACCTGAACCCACGACAGCTACGACA,1,0,0,0,0,0,0,0,0,0,0,0,0,0,0,0,0,0,0,0,0,0,0,0,0,0,0,0,0,0,0,0,0,0,0,0,0,0,0,0,0,0,0,0,0,0,0,0,0,0,0,0,0,0,0,0,0,0,0,0,0,0,0,0,0,0,0,0,0,0,0,0,0,0,0,0,0,0,0,0,0,0,0,0,0,0,0,0,0,0,0,0,0,0,0,0,0,0,0,0,0,0,0,0,0,0,0,0,0,0,0,0,0,0,0,0,0,0,0,0,0,0,0,0,0,0,0,0,0,0,0,0,0,0,0,0,0,0,0,0,0,0,0,0,0,0,0,0,0,0,0,0,0,0,0,0,0,0,0,0,0,0,0,0,0,0,0,0,0,0,0,0,0,0,0,2371,0,0,0,0,0,0,0,0,0,0,0,0,0,0,0,0,0,0,0,0,0,0,0,0,0,0,0,0,0,0,0,0,0,0,0,0,0,0,0,0,0,0,0,0,0
fe650b9c63a46514370523ccc5145b9f,Eukaryota,Chordata,Actinopteri,Gadiformes,Macrouridae,Spicomacrurus,Spicomacrurus kuronumai,CGTGCCAGCAGCCGCGGTAATACGGAGGGCGCAAGCGTAGTTCGGATTTACTGGGCTATTACTGACACTCAGAGACGAAAGCTAGGGTAGCAACTGGGATTAGATACCC,1,0,0,0,0,0,0,0,0,0,0,0,0,0,0,0,0,0,0,0,0,0,0,0,0,0,0,0,0,0,0,0,0,0,0,0,0,0,0,0,0,0,0,0,0,0,0,0,0,0,0,0,0,0,0,0,0,0,0,0,0,0,0,0,0,0,0,0,0,0,0,0,0,0,0,0,0,0,3,0,0,0,0,0,0,0,0,0,0,0,0,0,0,0,0,0,0,0,0,0,0,0,0,0,0,0,0,0,0,0,0,0,0,0,0,0,0,0,0,0,0,0,0,0,0,0,0,0,0,0,0,0,0,0,0,0,0,0,0,0,0,0,0,0,0,0,0,0,0,0,0,0,0,0,0,0,0,0,0,0,0,0,0,0,0,0,0,0,0,0,0,0,0,0,0,0,0,0,0,0,0,0,0,0,0,0,0,0,0,0,0,0,0,0,0,0,0,0,0,0,0,0,0,0,0,0,0,0,0,0,0,0,0,0,0,0,0,0,0,0,0
